company_id,fiscal_year,revenue,cogs,opex,assets_current,liabilities_current,liabilities_total,equity
CID0000,2020,1107430.92,471037.78,189957.35,794877.2,612362.67,976220.65,637290.6
CID0001,2024,982795.06,326839.51,106519.1,998763.58,300977.76,625113.96,548861.7
CID0002,2020,469758.36,367507.06,129465.04,819277.79,701106.83,1068809.49,290842.95
CID0003,2019,1191645.26,664614.29,122983.09,62489.76,23006.45,348869.35000000003,366590.45
CID0004,2023,1896974.33,493376.42,549680.83,841491.3,713926.99,1021874.9099999999,44153.81
CID0005,2017,1975414.94,1455088.24,394453.13,760182.19,115892.88,516338.04,330684.15
CID0006,2022,1536508.42,1040806.05,234972.27,45517.68,11774.52,401518.62,703876.34
CID0007,2021,494678.29,196689.73,127127.59,788295.98,330692.48,777013.45,775904.74
CID0008,2020,1175394.39,795639.68,133094.59,721060.54,108046.3,540812.64,148335.11
CID0009,2018,254442.57,144514.69,49925.46,158152.11,130725.86,224115.38,236541.9
CID0010,2019,305661.8,62481.61,42277.32,823408.12,408996.5,581362.15,637683.83
CID0011,2022,417879.59,117102.99,108279.94,569172.62,271955.65,718574.93,40503.04
CID0012,2017,220358.34,152404.25,24260.99,213399.33,186573.14,526714.98,323652.4
CID0013,2021,498023.07,267378.8,64343.25,772222.73,178645.1,494344.23,218816.34
CID0014,2017,1774673.4,1007401.56,355012.62,229862.9,37402.64,223882.44,423488.32
CID0015,2021,1804369.88,644616.48,295732.91,424752.59,211821.72,700953.71,594703.81
CID0016,2024,1448785.36,401967.48,354403.27,173760.38,53763.96,86860.6,494677.26
CID0017,2022,1277397.57,754176.4,366984.03,327265.37,212870.08,477865.5,332890.34
CID0018,2024,1026799.5,800052.51,201500.94,110448.64,38461.42,184058.69,617159.41
CID0019,2018,1286834.9,788494.52,147071.86,859504.4,155664.16,365432.82,20425.54
CID0020,2020,179802.33,92465.76,28159.5,475746.91,352636.07,834788.22,254879.48
CID0021,2019,1246275.52,660365.36,272160.04,159331.31,91662.23,217448.53,337764.02
CID0022,2021,1288534.62,558917.5,364181.78,324417.29,255791.26,542443.53,269591.05
CID0023,2021,809536.1,382999.93,176311.55,350234.53,279817.32,327262.85,25665.4
CID0024,2015,522451.62,320866.41,78034.33,787485.13,153873.42,276565.33,41448.41
CID0025,2020,942697.75,542129.67,250059.44,438351.08,229003.72,610241.2,383947.38
CID0026,2019,718104.63,353388.84,95804.49,834402.17,134103.76,247705.83000000002,123329.65
CID0027,2015,360968.33,221097.69,97244.91,457473.09,91192.04,436858.49,310466.46
CID0028,2022,1486222.41,703827.36,342006.65,351093.55,86572.52,496030.46,599693.19
CID0029,2022,715458.4,377181.58,153055.78,475608.38,330819.6,366925.05,199418.5
CID0030,2024,1929014.08,388995.69,306004.34,640007.82,204485.69,624469.65,339006.19
CID0031,2020,392179.78,156688.7,89976.95,719333.19,613580.8,1110740.19,439161.76
CID0032,2022,1474839.61,317766.51,311027.41,287458.53,36239.64,135975.75,410278.87
CID0033,2021,481366.13,203654.16,126243.31,194245.66,127181.31,345477.97,785268.7
CID0034,2023,582158.5,237070.14,126918.24,55756.51,20596.45,194779.17,35174.79
CID0035,2018,1792313.85,894459.41,536651.58,89045.3,51131.7,277792.08,786632.13
CID0036,2017,1125024.73,674076.7,215654.33,898155.12,262641.72,523924.76999999996,462314.82
CID0037,2021,112638.6,77350.9,24474.95,514374.69,462344.33,803128.71,105825.55
CID0038,2023,1804551.9,638208.46,251871.41,257925.21,198459.27,360159.3,160413.74
CID0039,2020,1788981.64,1197645.97,477577.3,772239.66,155335.87,454090.35,123678.22
CID0040,2016,1655845.35,926756.03,291954.18,408673.34,55675.91,396655.9,15351.41
CID0041,2023,1006757.32,252894.07,264654.16,396763.26,356882.54,488084.27999999997,645036.02
CID0042,2023,423586.9,238478.72,76291.73,47534.09,10469.59,176045.44999999998,705269.94
CID0043,2020,193212.42,103988.63,44191.61,802254.35,562206.42,814027.8600000001,542239.74
CID0044,2021,328281.07,221305.21,47972.48,37571.68,15799.63,74444.93000000001,632856.39
CID0045,2018,1583077.58,474356.21,426146.77,463216.3,79290.25,368809.07,414852.21
CID0046,2017,1660738.51,376091.67,317767.69,959152.73,564741.03,924515.41,561483.71
CID0047,2015,183232.99,113477.69,28949.22,175839.25,66489.26,153695.25,374984.41
CID0048,2022,1784236.36,774538.15,309229.29,938150.07,806107.81,972715.01,700336.9
CID0049,2023,1805478.94,1167612.43,373353.55,870146.35,763585.17,777328.49,207904.51
CID0050,2024,1407983.83,714849.3,321994.13,828562.43,334930.55,732241.0,478321.63
CID0051,2020,1127441.06,249527.69,235208.17,170803.82,46461.46,535941.13,516802.65
CID0052,2022,1378581.84,1065212.4,344723.14,356409.78,47913.26,146159.37,188376.24
CID0053,2019,1520335.58,994747.08,371923.87,178931.31,154083.03,371614.57999999996,497608.79
CID0054,2019,1977589.97,699431.09,405826.22,966579.93,707398.52,1016759.05,216816.89
CID0055,2024,716186.79,479285.62,143882.32,289363.03,162208.36,179528.3,421809.76
CID0056,2018,1185081.18,740604.24,138821.29,25590.16,10532.94,296094.37,496124.7
CID0057,2015,1321842.13,380572.47,246898.67,789525.16,208678.02,520144.26,23565.88
CID0058,2016,503921.91,176782.9,83214.93,776463.3,434967.65,473646.75,734510.32
CID0059,2018,1147944.76,729857.87,310480.87,498256.29,355195.93,548224.97,28838.59
CID0060,2015,1663129.7,393089.65,280589.84,164335.57,32188.6,149617.15,606061.96
CID0061,2023,419752.96,230318.21,81918.68,848604.02,410985.98,676434.21,392578.18
CID0062,2023,1766853.2,815230.63,224837.98,783031.87,191300.82,524669.3300000001,152151.37
CID0063,2017,454202.69,120724.39,97666.2,486060.6,105873.34,218146.47,594180.73
CID0064,2017,661292.69,149930.13,66921.69,289560.86,73397.56,145067.78,504398.14
CID0065,2023,1837571.79,804416.3,311783.02,26296.06,18262.23,246626.30000000002,739028.7
CID0066,2020,1887261.4,714364.63,263133.86,363603.05,160774.97,219001.0,259821.52
CID0067,2024,571791.59,246598.75,118113.96,624817.2,425150.24,909902.78,291273.05
CID0068,2017,1382112.72,851932.04,315135.36,615166.09,178745.11,619167.95,795322.99
CID0069,2017,1495089.22,450308.42,298469.08,878173.71,507599.71,778450.47,54523.61
CID0070,2020,664622.11,498663.93,67699.1,922438.6,400653.26,552247.52,176439.6
CID0071,2021,1598797.95,1031771.11,478573.05,485702.96,58307.57,305217.7,165817.77
CID0072,2018,1393116.55,940607.04,256540.92,595768.36,416003.57,757479.23,757516.05
CID0073,2022,799706.21,358836.1,216783.68,434815.33,243280.13,434076.44,712014.81
CID0074,2019,100714.09,27867.22,25503.05,481917.03,67323.0,466631.18,749162.5
CID0075,2020,150616.65,82964.77,34480.01,172096.29,124937.52,606062.34,282632.56
CID0076,2019,500521.65,378648.44,62859.75,511922.46,56995.64,113749.06,328396.83
CID0077,2021,1390138.46,833443.47,381677.99,319157.11,40457.67,442786.57,576601.61
CID0078,2015,796726.1,506204.09,203123.27,245194.76,109793.41,311348.19,426555.68
CID0079,2016,1466865.86,631596.04,286889.76,41227.31,27445.96,338610.73000000004,189171.3
CID0080,2024,1397312.52,545634.28,341656.07,894908.15,515639.79,686233.27,150936.58
CID0081,2021,1795418.96,1206242.8,476613.94,33298.25,25857.22,119647.42,479937.41
CID0082,2023,1634057.95,925258.63,403045.11,693436.61,231278.3,350243.35,567656.43
CID0083,2020,1050706.75,417764.71,133340.77,61265.02,9255.2,129924.92,176394.25
CID0084,2015,1691931.95,770802.99,467568.34,440400.67,207634.09,594245.29,403813.11
CID0085,2023,1990025.22,859232.17,427602.17,362927.45,195963.72,607525.02,64304.65
CID0086,2019,617012.04,455635.99,168262.83,965719.79,217566.75,573776.81,633228.35
CID0087,2019,1119802.31,668508.65,119288.6,418975.56,122744.01,426300.56,765042.81
CID0088,2020,351577.81,189247.67,66813.85,824771.14,91896.9,343115.22,652343.48
CID0089,2015,207917.46,80586.23,45281.72,286523.69,232885.49,406230.32999999996,399788.02
CID0090,2015,361443.98,81773.03,62057.59,334368.17,96804.42,576037.15,204709.05
CID0091,2017,793080.41,283827.17,168622.72,726197.23,538406.82,609574.7,628847.59
CID0092,2021,743011.72,217859.57,150397.57,123410.45,31161.23,484799.83999999997,168790.77
CID0093,2016,1199979.68,941881.9,243805.48,914041.93,662695.78,1099382.6600000001,76370.68
CID0094,2016,294173.33,176184.5,79530.64,195046.65,112369.12,346822.95999999996,407153.45
CID0095,2022,1216787.13,375815.62,195879.76,672342.66,280160.29,584311.03,250024.1
CID0096,2022,1063105.83,236295.46,110259.0,185949.82,46918.34,183219.11,530341.63
CID0097,2018,1421618.76,940133.09,364073.48,115594.83,62997.89,232545.84000000003,765548.0
CID0098,2023,1875067.09,1393349.43,478639.41,60608.1,36431.5,224537.57,177766.76
CID0099,2018,148819.1,67262.08,20703.24,163468.1,41521.22,491595.68000000005,549173.89
CID0100,2019,1211335.31,681309.34,310858.13,596449.59,141005.15,239292.4,29429.01
CID0101,2023,1252739.61,486241.88,188136.86,174298.24,141752.69,199394.5,194773.44
CID0102,2020,1913942.7,1003556.36,331910.44,739074.05,611964.37,890791.87,206328.26
CID0103,2015,1987496.84,1059209.56,219016.59,217982.94,145561.26,171050.31,159143.93
CID0104,2019,822230.05,617359.3,234730.72,917597.14,179246.64,538657.69,53522.68
CID0105,2021,1568862.78,747576.97,355305.55,906455.57,267107.03,373084.31000000006,670025.74
CID0106,2020,1228511.91,504517.46,233818.77,266326.72,180293.36,516942.58999999997,695794.69
CID0107,2018,952191.47,432724.47,165044.11,798829.83,432733.17,896419.44,629284.08
CID0108,2018,637497.92,410757.44,108630.53,375161.26,133823.29,467768.53,261538.19
CID0109,2021,1349093.28,931168.96,346507.86,132753.19,73971.46,247747.58000000002,788191.39
CID0110,2023,1616398.56,556624.88,168564.22,601391.25,533636.46,562865.87,297239.3
CID0111,2021,701387.32,285554.88,87316.09,97113.5,15146.65,65722.05,328284.5
CID0112,2018,1066105.07,557317.81,279660.43,311207.19,117849.96,256263.82,67952.92
CID0113,2021,1819315.48,965505.33,210557.98,825663.42,687047.52,749434.16,353448.65
CID0114,2016,1482218.81,515626.05,308583.06,39575.56,19843.14,137470.94,358701.41
CID0115,2018,1915678.31,1512032.51,317060.92,112573.47,60793.38,105472.91,51712.94
CID0116,2018,800979.37,580219.58,163790.48,390512.45,103357.69,442826.74,312429.87
CID0117,2021,1089758.94,665323.56,246439.72,28199.65,8638.66,133355.63999999998,546096.15
CID0118,2017,826730.59,366864.83,236622.44,590359.53,204352.67,331894.63,537985.79
CID0119,2024,1971791.49,1432972.23,327633.29,278479.03,64638.98,187168.19,382788.75
CID0120,2016,628621.54,266004.64,142296.08,627117.5,215857.4,652705.72,787689.85
CID0121,2020,583417.54,187198.87,170690.47,654238.64,481496.14,735095.43,345408.17
CID0122,2018,976488.86,614278.67,137640.4,592877.99,134066.47,483133.30000000005,371625.49
CID0123,2016,1479403.68,339007.88,370697.71,192393.7,170492.3,373928.15,271484.45
CID0124,2022,1364584.78,785527.03,208303.82,521475.34,435568.16,520647.87,494715.2
CID0125,2017,1328522.03,714270.73,267114.64,872064.36,730536.0,1126241.78,163989.17
CID0126,2018,777365.09,438983.69,104689.81,191239.24,109498.71,452684.61000000004,289021.79
CID0127,2021,1069618.92,283582.95,270517.68,356183.65,48719.71,139896.19,574752.99
CID0128,2023,709976.48,252124.07,134700.44,835513.74,450641.59,730702.68,38547.27
CID0129,2020,1823207.61,557931.73,358210.07,225670.52,159417.59,472783.17000000004,293919.1
CID0130,2017,475077.76,198845.75,50764.53,126269.06,40425.76,364306.3,208230.04
CID0131,2023,1884846.51,659396.28,274366.4,888491.45,353747.48,450071.0,291966.93
CID0132,2020,396163.09,253945.83,60206.01,463771.76,252706.76,641128.6799999999,264221.93
CID0133,2023,1351957.34,1069956.13,258109.9,61707.59,14832.08,27908.489999999998,119603.47
CID0134,2018,541139.0,281290.23,133253.73,852428.46,463870.31,834891.9,509465.28
CID0135,2017,691685.11,266265.78,77159.28,925249.16,198343.9,569361.74,113619.56
CID0136,2018,1406810.73,1024635.52,325697.05,950244.29,100999.43,319596.37,255843.7
CID0137,2016,87568.92,60399.05,21761.56,39242.51,10401.08,495976.75,434137.83
CID0138,2023,1639761.81,454393.33,404197.24,699777.17,514365.21,980113.99,266575.39
CID0139,2018,90579.1,64889.2,27145.4,501245.12,260468.13,639295.7,364761.53
CID0140,2024,1791963.5,552665.49,473251.17,877745.88,358743.9,671231.47,451027.26
CID0141,2018,1307558.39,707324.67,375152.0,224952.86,81052.24,120896.20000000001,620910.27
CID0142,2020,630349.65,286862.3,131852.09,277429.07,44845.93,110732.75,483090.31
CID0143,2015,1746476.76,802591.21,351288.94,532078.33,346407.43,539346.59,711395.2
CID0144,2015,1497549.48,346247.42,348787.06,806233.83,203735.47,418704.58999999997,752021.7
CID0145,2021,870130.54,651386.77,199375.61,885472.22,660973.13,1062949.15,618000.3
CID0146,2023,442328.54,252089.16,95965.86,211945.69,92994.7,529504.86,115676.13
CID0147,2023,1944381.96,868013.38,404031.94,790722.28,484812.48,736741.04,685712.19
CID0148,2024,1510408.7,947209.59,196138.9,883796.11,125753.88,514993.49,731764.7
CID0149,2015,1111887.51,816102.76,245235.19,118870.06,19768.02,298774.72000000003,605595.88
CID0150,2024,1034130.86,258888.39,248049.74,852996.23,745581.41,957134.49,588193.72
CID0151,2021,1543934.45,803463.75,211040.02,160166.11,143956.07,616984.22,24878.74
CID0152,2024,492583.64,185801.46,65685.31,954146.43,116626.65,531997.49,178467.88
CID0153,2019,307107.7,156819.49,52072.05,299033.78,92977.96,513091.38,563795.63
CID0154,2017,1488982.5,947159.26,394654.18,201594.95,157988.41,344239.36,412711.61
CID0155,2015,1491093.35,336972.99,164377.01,507307.34,391985.74,608396.3,625057.73
CID0156,2019,1300784.22,606765.52,144580.36,120275.73,26604.43,91813.32,760818.18
CID0157,2021,1937389.89,669568.44,523602.53,184966.28,27017.49,288879.91000000003,84996.05
CID0158,2016,1537089.44,307526.77,431233.75,656106.09,250819.78,300837.31,656438.55
CID0159,2016,472977.93,326466.5,114646.11,128598.18,83726.44,309415.5,653549.13
CID0160,2024,517196.89,375756.95,105684.02,241149.2,169105.6,254591.62,602961.88
CID0161,2023,1487870.43,954456.41,355812.8,838631.01,615819.3,956997.77,171004.42
CID0162,2020,257730.84,69692.86,71959.57,581434.45,322819.24,491712.24,34526.46
CID0163,2016,786349.08,358753.21,115756.55,182505.58,52025.56,509230.36,374782.45
CID0164,2021,1747842.92,924375.49,311790.06,439326.07,213382.0,465055.76,164351.94
CID0165,2020,1638494.52,1083536.43,316181.55,696703.31,79841.78,351209.15,467638.9
CID0166,2024,190555.24,79026.91,44632.02,589714.68,170459.65,493519.1,573178.2
CID0167,2017,1681131.3,1039345.89,348420.8,334200.18,62455.28,492516.19999999995,394861.29
CID0168,2024,1374107.07,932368.52,291990.94,739522.21,660239.06,929629.56,73411.75
CID0169,2021,1779400.21,502319.25,283008.93,915533.42,568274.76,851239.1699999999,663919.71
CID0170,2016,878954.67,527386.64,138082.03,966976.86,773133.5,1074426.27,373763.39
CID0171,2017,1706734.33,528239.63,265838.74,352207.43,139669.93,502105.49,432036.81
CID0172,2024,1298958.32,933809.1,139711.89,303646.0,136098.23,345201.17000000004,55082.52
CID0173,2022,1703435.2,964346.11,464045.22,501483.53,444232.29,594799.94,426879.41
CID0174,2016,253362.67,119144.71,42176.5,610092.42,74330.21,355607.91000000003,697609.25
CID0175,2015,107882.84,78498.2,17045.72,939213.19,559158.88,1053441.8900000001,566739.57
CID0176,2024,1141265.74,627453.54,336984.63,589811.96,272736.54,479499.88,45624.16
CID0177,2023,1419714.37,420951.65,182579.98,280623.93,103875.54,129296.70999999999,682664.78
CID0178,2019,844177.6,430739.35,245649.36,756178.94,183684.01,247545.43,553789.98
CID0179,2015,1072913.5,811462.91,239484.95,354673.96,151614.77,575055.16,502322.73
CID0180,2021,108323.43,34437.98,10962.78,620797.36,503060.21,779105.24,298854.7
CID0181,2022,435861.0,230291.09,93193.84,645573.95,189573.9,582043.28,406938.86
CID0182,2019,1668198.69,593318.18,281970.56,289587.58,196166.12,376275.69999999995,784475.69
CID0183,2017,1920835.45,789236.04,510213.11,736339.17,544080.08,640810.74,741783.83
CID0184,2020,506184.7,182315.31,117535.15,198080.77,142061.52,439109.67000000004,644454.72
CID0185,2021,483395.21,368240.88,138647.3,218636.0,36606.71,160832.9,51310.0
CID0186,2016,1007369.82,414736.06,100910.78,557192.24,465628.29,762460.6699999999,177114.3
CID0187,2020,1355586.25,987679.48,327298.14,686349.25,127079.86,603191.76,444038.93
CID0188,2016,1239353.06,841555.7,181700.76,997247.7,506785.59,838848.15,107207.47
CID0189,2022,513393.81,216588.45,140855.28,541344.97,228533.62,660061.21,528153.09
CID0190,2024,738291.37,325331.05,142961.81,885397.52,210559.68,259013.01,159504.99
CID0191,2017,1055760.27,357065.41,167651.8,893601.78,234525.29,721371.78,629749.95
CID0192,2022,672714.08,173736.19,94861.45,928076.22,783752.47,966179.74,687825.99
CID0193,2023,1174634.29,392671.47,146021.98,607768.51,446812.1,909159.19,320366.23
CID0194,2023,427142.08,193024.38,76070.09,499830.29,342715.53,450060.65,531043.17
CID0195,2017,866972.01,615624.55,109383.25,880714.41,668557.55,1000137.7000000001,142627.61
CID0196,2015,733217.17,368533.42,169087.12,477300.7,328308.5,520447.98,340761.73
CID0197,2016,1031025.59,293858.15,196244.13,340137.14,78695.64,245708.93,288353.33
CID0198,2015,550653.56,171184.37,152261.45,219774.58,23316.63,516438.51,677438.63
CID0199,2015,1575043.78,842698.21,171259.39,729439.45,249073.34,716931.13,98443.78
CID0000,2015,1011761.92,371880.93,283539.99,984283.98,762891.43,1009805.3600000001,100531.35
CID0001,2017,1193129.9,779096.01,119614.14,378680.99,312844.15,351752.14,230061.58
CID0002,2023,1880869.83,745189.62,225818.91,906409.9,140389.48,194236.89,524493.77
CID0003,2018,1806508.83,549349.15,531582.57,529692.26,152380.98,570320.46,193557.41
CID0004,2019,1787031.68,1225998.48,258237.16,678120.97,494983.45,608182.7,383581.26
CID0005,2023,1973569.67,602009.26,394400.27,234223.97,167840.3,324200.6,530393.6
CID0006,2020,100193.82,21622.24,19393.84,707319.87,303631.35,520054.69999999995,667690.76
CID0007,2017,282768.02,97597.26,62696.62,648873.37,461822.5,661038.33,554216.32
CID0008,2015,634569.48,247139.08,168363.92,702056.7,409037.25,617794.4,321024.91
CID0009,2023,1952691.02,752501.46,387522.86,258887.97,94965.46,258043.27000000002,160070.65
CID0010,2024,1245189.7,568107.3,137739.43,454632.71,199393.3,681595.47,106017.89
CID0011,2022,278042.17,131167.55,76389.59,808961.6,89683.48,558132.95,691318.98
CID0012,2015,1649118.03,425394.44,446955.0,844101.36,238590.78,333795.28,237480.56
CID0013,2018,1791686.07,1416766.2,259383.35,871412.64,579781.49,1055039.62,311585.04
CID0014,2021,95603.23,30208.12,10451.52,22871.9,3305.14,201481.86000000002,517584.45
CID0015,2015,303530.33,208402.95,34087.99,635337.35,316037.81,804491.8300000001,649979.56
CID0016,2023,1855403.83,795567.84,366799.46,315739.0,146315.09,235839.36,792674.5
CID0017,2017,828175.76,555315.88,211560.17,544127.98,486435.07,552883.14,35862.74
CID0018,2023,555233.31,330278.98,148970.81,61949.06,11766.52,80900.98000000001,94421.83
CID0019,2024,1232833.45,890309.09,153399.41,710415.66,169916.85,380171.82,32276.3
CID0020,2018,1595864.32,725640.34,416189.86,40432.03,33316.65,220788.32,89187.5
CID0021,2024,1076663.42,857414.08,257277.64,437327.02,248959.93,290158.93,591958.88
CID0022,2023,168815.01,35464.42,24064.77,591047.04,516873.78,694908.14,432844.02
CID0023,2023,1564657.72,379049.86,263263.01,844546.65,97422.54,206487.32,488714.14
CID0024,2018,389512.13,153335.79,105524.96,21559.71,15425.22,198821.5,343428.09
CID0025,2015,1261855.24,1001249.99,164126.35,529696.14,162035.55,650678.89,740296.57
CID0026,2019,296848.2,117788.97,88907.16,687407.36,73313.06,366601.12,233990.57
CID0027,2021,64238.58,21627.43,10857.61,143717.14,98570.05,594778.4400000001,726923.3
CID0028,2024,478710.18,371961.08,96833.51,189136.13,157024.29,275424.55,695310.39
CID0029,2015,582447.17,424314.12,125527.83,959143.3,547920.12,814856.35,222238.74
CID0030,2017,1247723.34,659624.54,339965.24,867305.41,507804.55,651270.14,293277.92
CID0031,2019,286715.32,160106.75,61877.84,817561.26,350894.55,686990.13,55146.88
CID0032,2020,1243679.93,740346.81,167141.09,647013.82,235088.77,471031.20999999996,564397.04
CID0033,2023,1870952.64,1433788.08,538241.7,215762.21,83541.48,461079.02999999997,631370.85
CID0034,2024,1843839.51,895133.92,192220.89,812339.25,307154.71,652665.96,702799.23
CID0035,2016,1933791.41,845478.48,196018.72,108656.93,35898.88,75569.85,229977.11
CID0036,2023,1986809.36,1379784.23,407379.13,281675.5,221826.03,268358.92,747008.66
CID0037,2018,1159881.87,700542.93,261391.49,868341.49,652584.91,981930.1900000001,634551.22
CID0038,2015,1274199.37,968496.2,324826.98,659633.38,179459.88,674271.54,53082.34
CID0039,2024,222750.02,49438.81,27991.44,423069.66,218197.74,515505.02999999997,417748.59
CID0040,2018,575863.44,296804.33,170740.8,687305.46,438401.05,515667.33999999997,774166.3
CID0041,2024,1214998.75,294767.28,325273.2,550975.79,266940.26,315491.0,145134.14
CID0042,2018,1050745.87,605873.47,304061.49,118848.48,106552.38,175221.44,680817.79
CID0043,2016,1385056.45,951409.86,148002.77,404564.63,63493.16,305397.18,472692.01
CID0044,2020,1787865.34,1375844.87,410333.38,171160.42,143561.15,220211.24,668476.0
CID0045,2023,326107.87,167962.97,60170.64,627823.24,449376.69,854281.69,172292.99
CID0046,2016,1276388.13,357044.28,270104.14,978399.98,247561.66,432511.88,326594.85
CID0047,2021,1071496.24,769720.7,283284.11,392540.56,160715.17,601114.79,731817.28
CID0048,2022,1175737.6,442876.3,225220.91,500023.58,386314.96,453810.01,552176.5
CID0049,2017,631731.63,414138.25,181962.61,993799.44,473752.41,562768.64,597274.74
CID0050,2017,1259845.57,883490.58,172040.21,815025.27,321850.27,424714.55000000005,184226.93
CID0051,2022,1974668.9,467748.0,518093.28,69402.47,35723.63,527784.58,52976.25
CID0052,2015,1214131.48,564042.4,343444.14,360450.4,75337.99,376590.97,295828.43
CID0053,2017,1441817.18,759543.32,168243.05,626138.3,297739.71,322048.09,478749.23
CID0054,2022,1349054.71,470456.82,361474.12,827622.65,603906.89,968141.1000000001,42733.44
CID0055,2021,1987722.3,489443.81,387642.01,242153.07,142391.79,629283.79,769793.31
CID0056,2017,1878356.17,1465996.99,317026.55,303519.85,234898.31,586155.0,345852.39
CID0057,2015,1460492.33,900685.06,183290.88,549201.39,382931.16,649675.46,743412.97
CID0058,2024,450303.41,337036.17,47919.31,33009.79,29290.74,268918.28,455439.15
CID0059,2015,968529.37,759678.85,287527.97,720722.67,520791.3,551643.67,576884.53
CID0060,2021,284154.57,198130.46,49555.13,951322.19,813542.27,1055868.35,682537.56
CID0061,2024,399146.74,304738.96,106603.03,811602.01,371478.41,841317.59,244188.07
CID0062,2019,1330971.05,695350.47,365864.97,348511.01,109202.73,425991.11,210195.44
CID0063,2015,1452794.12,1144605.76,387904.81,641581.88,433531.33,741604.92,736154.12
CID0064,2024,232207.62,139431.13,53486.24,633658.98,172591.5,525053.15,606660.64
CID0065,2021,562615.21,408639.13,123484.28,832058.96,662524.82,1089778.8399999999,450156.76
CID0066,2024,1057034.13,826365.54,206296.74,676030.95,190882.48,524662.86,394940.29
CID0067,2018,886048.49,326533.53,213944.66,844560.92,674676.19,942138.08,296268.81
CID0068,2024,1832761.58,1074327.44,341067.46,591237.58,122132.37,604614.8,316823.85
CID0069,2016,899168.92,290391.68,113158.22,360961.25,272694.62,561612.09,281014.32
CID0070,2020,61048.31,40271.88,9764.19,911687.03,303566.7,450212.95,455738.42
CID0071,2016,160462.15,84044.11,25676.57,501969.45,367140.26,410123.97000000003,475818.33
CID0072,2018,1466907.82,998369.08,246341.25,269087.87,120472.78,320645.62,477576.93
CID0073,2020,104417.87,24201.76,21110.52,96551.87,74534.74,521507.42,247737.19
CID0074,2016,285921.77,107467.88,46222.09,856508.95,558505.62,886531.71,566122.18
CID0075,2020,1541069.53,696616.09,439030.49,105756.82,66049.39,451907.43,490761.09
CID0076,2024,186710.57,135358.27,37222.57,82038.67,72155.45,316092.69,451653.26
CID0077,2016,317581.76,66317.88,81710.05,211062.16,80006.34,91750.54999999999,223657.09
CID0078,2017,146464.96,89967.59,14651.28,850287.01,164282.01,182718.35,364064.17
CID0079,2022,1216057.18,468524.18,276547.27,179046.89,117738.79,566093.48,414470.9
CID0080,2015,1993881.12,954779.66,418053.37,694765.6,217163.45,581805.3500000001,71023.26
CID0081,2019,1589048.86,1162621.34,387261.21,590715.46,121594.7,406097.71,711741.88
CID0082,2020,1345458.93,872565.89,234793.64,884540.26,514426.22,770349.4199999999,211077.54
CID0083,2018,135749.74,61441.45,29852.38,530910.5,445110.16,815077.33,525475.29
CID0084,2021,843414.37,506328.9,143885.61,360713.59,100517.18,369424.58999999997,133917.27
CID0085,2024,1998319.96,1052349.74,475398.1,629919.16,293239.97,639836.35,798538.6
CID0086,2016,281471.54,93807.39,39329.65,363689.3,275772.5,628932.87,47070.32
CID0087,2020,1211032.19,386535.56,330948.06,946570.52,351482.81,782490.15,456055.52
CID0088,2018,1929970.42,860867.76,390012.76,134969.39,105324.67,242309.64,88244.33
CID0089,2019,645738.43,477923.99,116483.59,617774.6,410273.09,580545.77,459658.28
CID0090,2019,600824.66,296485.07,90267.86,706070.31,196900.83,304058.94,239610.15
CID0091,2022,154391.08,50925.35,18327.5,353802.46,69385.7,385938.11,327266.74
CID0092,2020,1601584.01,978411.83,443242.07,577540.08,430419.38,906961.06,476066.46
CID0093,2017,1194421.49,364773.52,277632.6,403446.43,178167.27,279424.86,694000.75
CID0094,2017,555991.8,392596.07,144304.27,102816.94,17037.49,163605.91999999998,197180.46
CID0095,2019,204705.5,67797.25,37310.95,223322.7,158018.54,622301.67,629968.86
CID0096,2018,893494.85,440063.28,235857.39,404146.93,215699.63,506755.25,348761.16
CID0097,2022,646575.09,407698.62,182439.41,46008.67,35788.5,137885.56,549658.35
CID0098,2020,1079404.14,580828.49,237828.23,224583.92,153597.45,190479.39,527154.37
CID0099,2023,1754882.43,988884.96,272782.21,227000.26,30689.43,385676.89,24878.8
CID0100,2021,278618.91,155399.84,41030.46,355954.31,138057.06,515003.61,634534.54
CID0101,2020,1012950.69,252228.03,182264.07,863729.99,99978.75,453944.23,612834.71
CID0102,2020,1465428.48,717792.0,160751.69,938001.3,224346.32,247028.65000000002,95171.03
CID0103,2016,1973530.55,1277794.98,360281.5,407144.22,308391.27,705708.19,615503.47
CID0104,2015,999850.37,434618.51,253236.41,233762.57,175899.52,584330.36,616508.53
CID0105,2020,425684.22,338818.9,61773.39,186180.8,123548.72,327948.99,437862.0
CID0106,2016,993940.24,759262.18,270846.39,657462.45,470826.45,603081.96,558303.07
CID0107,2018,1999079.68,727885.25,256335.82,683008.0,105626.7,279477.44,421049.03
CID0108,2021,1882427.28,754832.29,417967.12,925922.2,560783.68,632764.1000000001,244448.51
CID0109,2020,1323019.19,387858.47,226017.85,798525.19,235336.41,537279.52,335356.46
CID0110,2017,904204.15,278748.65,145953.9,104308.0,44698.75,248582.83,371754.41
CID0111,2023,1078253.09,634832.54,117348.32,556383.58,471692.45,937016.3200000001,414183.18
CID0112,2023,388918.48,215557.46,113484.77,645873.3,297600.1,437889.67,627689.91
CID0113,2024,1717641.72,807416.16,341923.74,39027.11,29775.18,307082.27,104962.46
CID0114,2023,1147324.68,835394.07,236836.11,448362.08,218552.96,579189.13,618891.56
CID0115,2024,1141418.43,742925.36,189149.92,176632.5,101562.06,592790.23,435132.78
CID0116,2019,723218.88,452638.82,176304.96,983457.33,383046.95,698777.75,182733.51
CID0117,2021,958509.65,222073.6,174973.55,344407.9,237244.42,426161.08,188347.89
CID0118,2017,1135781.65,860172.03,213973.13,190088.3,98405.24,524066.23,260279.68
CID0119,2015,713306.33,540649.33,205144.45,196021.58,29617.97,326784.86,139400.32
CID0120,2017,841995.46,601570.55,196928.08,165764.77,33693.85,414624.56999999995,366590.94
CID0121,2015,1866050.82,915180.81,415307.63,783095.97,316737.6,501862.73,647342.94
CID0122,2022,1669226.66,1313732.0,277471.59,187889.86,148992.48,544981.62,522416.42
CID0123,2022,1595313.39,630386.07,329570.53,662213.16,405918.17,688013.59,314923.75
CID0124,2022,1510323.06,366122.37,259322.84,462888.15,84324.99,582270.27,771276.45
CID0125,2024,1143928.91,303114.28,212415.31,976395.79,636975.51,656245.24,419309.99
CID0126,2016,1190115.35,543850.61,213601.57,249802.15,75619.55,499191.47,691050.14
CID0127,2023,618413.83,296359.15,101839.59,571234.95,270154.5,705086.5900000001,751126.26
CID0128,2023,1036445.14,591093.36,134956.0,539746.86,151667.83,439187.29999999993,593781.63
CID0129,2015,861751.79,553134.69,239840.16,660931.51,403105.28,464752.87,127147.43
CID0130,2021,1616336.82,1014697.1,208864.77,880674.14,401705.76,560285.64,354954.29
CID0131,2020,543937.5,364810.93,83386.24,751244.87,672661.0,909737.65,287980.53
CID0132,2017,1054121.6,311228.95,180257.14,747238.6,228735.43,673013.46,399846.4
CID0133,2024,1552748.76,1225417.88,362524.06,625179.53,375273.72,535981.24,614078.14
CID0134,2020,1219848.34,349210.34,342335.33,532416.85,330448.47,749033.84,14606.63
CID0135,2023,1592472.81,412000.49,330561.13,70332.36,19140.71,165050.91,693108.88
CID0136,2022,428501.49,192465.63,124205.32,840294.74,249205.02,529521.77,779172.11
CID0137,2017,1455829.47,476258.85,391087.84,865400.41,419594.78,869083.7,628185.63
CID0138,2019,274984.13,161264.0,67623.29,794494.24,573649.18,673846.4,797350.56
CID0139,2019,1434318.25,762490.91,224201.34,825683.78,661065.01,803110.8200000001,728199.75
CID0140,2015,1476444.78,401632.59,236470.46,369634.78,201894.13,640740.5,209066.31
CID0141,2017,1506681.76,1093674.58,251829.32,144377.86,18086.1,57138.479999999996,491693.6
CID0142,2017,1483891.08,297430.25,196239.83,615169.08,541416.83,696094.6399999999,506350.53
CID0143,2021,1948451.19,467340.28,306943.49,601600.49,440844.78,495454.2,597635.66
CID0144,2019,1717807.03,1282096.55,461718.14,257909.9,219268.97,472223.39,281683.87
CID0145,2016,218613.42,44360.83,45681.05,736960.83,641429.55,1078035.01,597902.43
CID0146,2017,998534.66,267331.82,132277.09,854163.72,463943.42,556726.6799999999,313641.14
CID0147,2017,1785655.65,899635.45,228717.04,240487.28,25304.51,465087.48,48072.42
CID0148,2023,980371.66,426182.26,199038.56,41822.11,14636.01,103820.45,715089.49
CID0149,2015,1391741.11,504500.23,221140.77,683277.88,460405.11,523529.14,745547.53
CID0150,2023,1375463.02,955442.82,253125.84,487420.28,78353.19,568290.75,411576.06
CID0151,2024,841276.65,384768.61,157454.03,832602.44,354220.02,750700.15,407759.36
CID0152,2017,1362892.78,387252.87,324195.84,265407.4,35348.88,458404.79,368714.84
CID0153,2022,1868483.04,954323.52,510632.56,240149.85,114873.29,513320.97,551371.25
CID0154,2017,1605130.85,862193.67,255781.08,256777.56,218284.3,253376.65999999997,758467.95
CID0155,2020,747784.66,377439.11,188816.14,342986.39,125644.13,495780.78,763082.92
CID0156,2021,344006.66,184085.55,70726.41,111549.53,47094.93,252884.91,124732.54
CID0157,2022,444099.18,274595.56,46529.47,861353.13,668243.55,1001076.68,783736.61
CID0158,2019,582497.8,256213.23,93741.42,976596.73,633358.05,918534.1100000001,582982.58
CID0159,2019,355550.57,245001.65,44325.83,167692.64,27571.35,172113.43,498288.94
CID0160,2017,1909990.51,653098.68,294973.65,413966.27,370122.1,857461.05,513219.11
CID0161,2015,1792982.42,1000809.42,271512.94,368002.9,130345.54,210205.78,311739.52
CID0162,2017,1428273.98,953254.87,206237.54,776600.92,544888.88,811307.1699999999,674766.27
CID0163,2016,1091527.67,822888.68,325655.37,793548.44,99712.01,138659.09,647683.28
CID0164,2018,1337824.91,659324.96,278859.81,560005.49,493900.0,678027.5,299259.33
CID0165,2018,116311.11,25473.51,17903.97,714962.18,181483.67,587458.22,563684.21
CID0166,2015,968438.25,479285.9,243310.38,544921.22,158445.55,375507.32999999996,365396.14
CID0167,2020,147880.97,81833.42,15996.24,413255.6,95613.71,359346.94,540325.14
CID0168,2017,737782.61,376794.3,201285.94,443122.17,102494.11,134891.92,668655.18
CID0169,2021,1145656.13,839671.78,121088.14,993043.85,267554.17,307832.94,226347.51
CID0170,2016,1119854.87,277400.79,280835.4,687336.8,309492.23,486704.14,758678.84
CID0171,2020,202852.68,102366.7,50054.01,816128.97,171493.5,349457.32999999996,464584.98
CID0172,2020,68387.51,33303.06,15672.2,944812.85,475541.94,666883.89,679390.11
CID0173,2017,730828.05,354515.65,216519.54,189901.59,32090.19,287146.29,167970.52
CID0174,2022,905278.68,592048.04,237370.71,27050.02,17322.83,102384.06,243773.23
CID0175,2023,1501486.95,440910.06,294925.22,856106.76,453709.29,943317.6399999999,390139.2
CID0176,2016,625130.08,196069.15,126562.81,828011.69,657444.19,1081841.16,489152.21
CID0177,2019,300852.42,214659.54,48757.12,333876.15,67427.51,99988.73,296883.22
CID0178,2019,358116.4,82799.36,65006.99,424398.42,49659.45,342652.92,206047.86
CID0179,2023,1013022.76,297874.31,241241.5,442866.37,252878.58,534913.5499999999,786514.98
CID0180,2015,280667.04,152737.28,45298.12,327859.67,102003.79,319462.74,620445.2
CID0181,2024,1581674.38,1105125.42,269237.57,188406.06,111645.72,342287.94,571394.57
CID0182,2015,802919.21,403903.63,97703.46,648931.08,367572.6,795258.29,759743.81
CID0183,2015,94270.72,31918.89,21507.11,355166.26,41514.59,423261.05000000005,268232.96
CID0184,2023,1720555.93,398909.56,301128.27,753571.19,81947.79,254003.82,158893.29
CID0185,2024,1029823.64,303579.38,198925.25,44426.18,15860.26,309611.12,746652.97
CID0186,2022,118205.06,43303.6,17963.24,291788.13,29842.95,101320.65,464152.04
CID0187,2021,1923082.93,984940.74,314749.16,289379.32,119482.9,324153.78,293191.94
CID0188,2020,1212639.49,771096.27,133223.74,121929.79,108207.41,125353.82,645312.2
CID0189,2015,716044.95,171314.76,133551.11,887484.15,325699.35,657582.4099999999,108269.22
CID0190,2020,1331733.66,285636.97,192380.77,779650.93,350410.56,795201.11,320625.89
CID0191,2019,1327538.2,1044399.44,142193.43,902413.77,224813.41,327617.27,275203.47
CID0192,2019,335831.77,254237.48,89407.49,79068.41,38985.09,421376.72,167777.38
CID0193,2018,957352.8,273801.28,279417.02,473473.64,120945.8,521712.52999999997,83612.98
CID0194,2017,1964375.78,1229548.28,239996.85,623082.21,309522.24,561000.48,491771.73
CID0195,2020,437106.39,153336.39,105078.5,30001.68,4794.42,242272.99000000002,143710.4
CID0196,2024,809426.11,565622.82,167422.52,826073.33,711582.98,809800.65,165999.73
CID0197,2024,1268258.35,443964.69,370059.61,352424.38,140075.54,443443.53,212412.35
CID0198,2021,1256862.95,575510.77,373356.66,505593.14,242849.11,278016.23,672477.52
CID0199,2018,1761629.17,448769.01,308960.62,544432.56,352030.01,630462.77,316299.16
CID0000,2019,1489962.06,531268.67,420702.38,446177.36,226794.56,718012.29,685177.56
CID0001,2019,1790734.02,1015082.85,258916.1,114327.64,87770.25,369766.18,732507.92
CID0002,2016,53336.72,19937.42,5573.41,167797.89,130761.91,213096.66999999998,591743.36
CID0003,2020,695183.12,405345.25,125541.86,602469.04,407021.19,513769.07,690512.44
CID0004,2024,1745279.15,537630.87,221582.38,305726.32,144721.51,526504.03,686780.94
CID0005,2016,938792.39,446337.37,202052.4,134501.05,17031.57,207249.19,256087.86
CID0006,2018,1119200.19,521159.77,249624.65,698676.13,409541.7,903766.78,193437.76
CID0007,2021,1234145.99,369009.78,141676.94,497145.23,243194.16,342715.76,110995.08
CID0008,2015,1694295.58,919507.11,493115.73,226470.62,198039.98,653350.18,721377.91
CID0009,2022,1240575.38,780773.81,200659.26,411771.85,232822.51,438186.36,501537.17
CID0010,2022,83242.26,24648.12,13302.17,170210.87,62551.63,154767.3,706883.87
CID0011,2017,128325.62,65121.37,18133.88,231384.63,104581.05,251040.68,125432.64
CID0012,2022,679791.93,339846.48,87856.55,642180.43,238328.88,385813.78,582168.58
CID0013,2022,748938.91,293557.61,145657.73,975142.41,214948.52,371576.07999999996,143894.04
CID0014,2018,1472561.72,656782.02,312352.73,652527.61,115062.88,248886.63,63240.26
CID0015,2020,1496776.31,403001.81,334211.46,639996.82,221665.63,445821.85,755551.36
CID0016,2023,1126902.52,655996.48,332529.48,344832.48,277675.04,438219.82999999996,56520.17
CID0017,2020,1353834.08,1041828.68,237553.42,572199.13,479967.54,615367.01,42432.76
CID0018,2024,268541.33,115032.54,73214.02,89375.42,62452.74,283114.37,202487.85
CID0019,2022,127721.97,75164.09,21083.43,570572.1,385333.12,873750.14,667114.64
CID0020,2021,722189.44,243504.83,207902.71,444940.64,267931.68,468097.9,567961.92
CID0021,2018,1723461.12,1162702.32,291685.85,737337.19,515549.56,972639.1799999999,60687.17
CID0022,2015,53929.09,13069.0,13432.34,40477.17,12849.38,186373.55000000002,451313.3
CID0023,2017,1155712.55,242280.66,337783.47,101110.07,80423.04,532517.02,18780.63
CID0024,2020,313355.78,174219.62,80247.44,639582.9,215285.72,626867.96,201498.0
CID0025,2022,1483192.75,695372.39,269255.71,843295.24,718800.22,923187.7999999999,205010.02
CID0026,2020,349548.4,209497.65,61552.6,916239.46,202606.81,657373.23,132363.96
CID0027,2019,1979055.54,1571916.8,491566.88,287735.74,58201.98,343996.73,140822.11
CID0028,2021,742970.99,441987.06,127857.45,949125.08,637095.77,1039956.56,742009.79
CID0029,2019,1822119.44,462324.03,330785.54,505004.73,67899.87,412128.67,547224.32
CID0030,2015,1266457.9,956873.94,169533.43,30720.03,22419.38,484490.48,488587.45
CID0031,2015,1938832.47,1390592.16,402456.44,524123.16,396888.24,581876.74,119524.53
CID0032,2016,1424602.46,384231.89,321691.24,546752.15,133779.84,529447.48,29183.83
CID0033,2019,211419.11,121323.15,46008.06,427919.22,211899.77,524069.91000000003,324298.34
CID0034,2017,1840314.7,1400927.67,299426.94,899337.65,465572.94,773384.87,14405.86
CID0035,2015,56507.12,41116.43,7559.0,298001.79,194279.43,601222.14,550747.44
CID0036,2016,1163162.73,913302.94,200975.17,588317.65,75367.23,356436.68,592389.1
CID0037,2024,1748654.76,926848.85,339915.34,690948.35,270614.8,374115.02999999997,783192.69
CID0038,2023,1214362.47,869560.6,178063.05,759477.26,484447.79,907493.28,705876.85
CID0039,2020,1510949.85,805833.12,176374.38,162370.33,126197.69,243263.96000000002,762720.04
CID0040,2021,1834167.49,1004227.55,437604.79,412233.9,277677.21,398902.32,125363.63
CID0041,2018,365200.9,122272.73,96904.74,805115.08,195945.16,549500.48,480788.96
CID0042,2020,282151.85,172065.96,76621.27,673030.64,151920.99,568236.87,226176.65
CID0043,2019,927363.76,283766.9,115102.3,611893.79,85599.0,489633.18,449732.09
CID0044,2023,1673684.76,450274.38,263438.28,867815.01,680171.3,724728.7000000001,303041.73
CID0045,2016,1020865.86,221807.04,263254.89,425188.01,57272.24,445568.70999999996,11030.65
CID0046,2023,472227.98,354134.21,60857.9,574772.41,388911.19,595072.0800000001,102240.09
CID0047,2018,911966.17,207586.03,214487.53,848051.95,590602.22,619491.98,61271.05
CID0048,2019,1380681.24,415737.89,371629.24,173495.98,93188.94,339389.52,576010.52
CID0049,2021,691132.34,420824.86,171795.26,458614.08,280814.35,758580.74,145318.16
CID0050,2017,1768082.2,875640.78,389723.41,717033.28,115087.56,450757.27,565668.13
CID0051,2019,1437700.94,1051744.45,360681.45,732909.65,184800.65,495533.62,721133.65
CID0052,2016,1272688.14,285981.03,229192.75,971756.03,722908.57,846446.6799999999,497251.6
CID0053,2018,189744.85,138166.12,44399.3,101955.44,22670.81,159896.73,733089.98
CID0054,2021,500584.41,240124.76,83265.18,800347.21,212358.25,679192.79,403419.49
CID0055,2020,642584.68,210035.17,126345.62,807502.37,575781.7,611827.09,535849.72
CID0056,2015,1285356.69,433067.76,316469.23,899441.42,575699.6,948897.95,108555.66
CID0057,2022,910257.5,542635.24,219485.94,189303.83,122413.35,507682.87,329591.2
CID0058,2020,92726.21,64843.52,26876.22,289732.53,198028.9,664504.79,332471.71
CID0059,2023,268515.28,162970.75,77448.95,576473.93,395875.3,830283.3200000001,223268.49
CID0060,2016,623250.16,377883.3,137609.99,672355.79,419112.44,588374.4299999999,601657.88
CID0061,2016,116831.49,37603.43,29701.37,618422.04,279414.46,412501.7,34203.27
CID0062,2015,77181.57,23742.08,8812.07,954299.18,382096.59,794980.99,684252.89
CID0063,2017,194866.01,81237.59,32289.73,863552.86,106568.55,281420.25,336518.82
CID0064,2015,1130161.89,576820.56,242302.58,757135.8,661569.83,787763.48,788532.45
CID0065,2015,1391834.34,975060.43,289419.53,534776.84,90893.12,205270.39,493722.13
CID0066,2020,1462959.68,686248.58,315224.45,463717.66,210562.93,453352.64,528733.43
CID0067,2023,1540134.77,610218.43,156695.23,703595.28,417161.15,674279.72,460623.0
CID0068,2021,1914480.27,1520689.83,268184.72,829217.3,134225.96,611643.87,53693.37
CID0069,2019,146052.78,97100.78,15498.38,274899.73,219825.42,618894.9,308950.96
CID0070,2024,743434.27,508040.41,167150.78,680060.93,196922.34,466565.5,622075.81
CID0071,2024,322013.58,146937.93,81250.24,45105.93,34510.85,472298.88,567397.3
CID0072,2020,1201213.25,833590.24,248300.03,539363.35,393696.52,455772.67000000004,352831.03
CID0073,2022,273056.41,80695.05,79734.63,632543.45,448963.97,851635.4199999999,571594.82
CID0074,2016,1612768.31,396568.75,193187.58,765520.1,122708.31,299544.23,567359.51
CID0075,2018,773855.3,224798.19,122231.41,268911.49,135650.78,326195.66000000003,123646.57
CID0076,2015,202970.01,139912.31,29394.41,71330.12,20366.97,159530.52,777789.75
CID0077,2024,66102.64,20413.7,17267.47,642024.63,274466.88,495063.26,731371.7
CID0078,2018,613805.51,460986.77,108132.3,808676.15,481700.31,499274.97,420892.68
CID0079,2017,167189.07,51506.0,18107.43,578297.75,513181.74,699974.05,416476.17
CID0080,2016,703212.93,417042.39,153881.98,449459.66,63996.19,332556.2,114826.74
CID0081,2019,950466.79,349188.27,173974.34,475751.89,195352.28,427232.38,753344.3
CID0082,2022,66035.75,48613.19,8737.21,962572.45,192944.21,655827.37,21529.41
CID0083,2023,902678.87,668190.93,164960.5,997122.55,327798.07,770115.76,400640.36
CID0084,2024,912920.53,456944.33,213455.71,413958.09,159693.57,628483.79,135445.32
CID0085,2024,1337687.3,363394.12,377394.36,379371.38,180712.99,281823.06,66800.52
CID0086,2024,145755.41,30609.81,24908.21,338182.56,233358.35,639930.83,645877.21
CID0087,2019,138908.98,64184.43,18464.0,70942.56,36780.42,64924.39,119786.44
CID0088,2018,962163.69,394806.87,149392.46,761884.22,613339.06,787927.78,663036.2
CID0089,2017,1476534.05,707180.45,260225.65,520097.52,291543.14,774041.63,38691.82
CID0090,2022,140657.36,34085.52,24155.99,650251.21,305878.72,380675.13,190579.51
CID0091,2017,940821.31,646459.07,99940.74,930127.92,539412.51,906508.1000000001,659686.97
CID0092,2017,1827821.46,696365.93,367433.23,150307.78,130503.59,623764.42,679490.7
CID0093,2015,1564894.08,964080.65,199796.28,809758.34,467111.75,617194.25,761494.11
CID0094,2018,1098949.84,292599.6,162354.14,317846.94,81143.07,317870.64,323518.75
CID0095,2022,202048.5,98432.45,34904.42,699266.95,562872.88,761915.78,577561.45
CID0096,2016,921559.04,218800.68,243982.54,215701.1,75394.96,322009.79,361018.73
CID0097,2019,473738.71,346503.73,94723.61,878415.41,739857.25,1156045.68,535552.93
CID0098,2021,1749338.68,1341375.37,337740.19,698353.3,554928.3,951597.9400000001,294763.61
CID0099,2021,1335159.56,321705.28,231220.91,179048.03,32619.88,45430.23,757584.9
CID0100,2018,1689347.2,1068163.55,263336.47,180684.44,128138.2,209568.93,367572.13
CID0101,2022,1706280.53,732082.7,309870.32,830024.62,524155.47,812945.78,340607.36
CID0102,2016,1433705.46,840815.76,201841.87,909536.17,139351.28,421771.12,85697.98
CID0103,2019,1914170.39,651020.48,448047.77,206881.21,123232.23,154186.38,509202.52
CID0104,2024,451335.11,257238.94,63604.28,286124.0,233006.47,581976.96,497345.74
CID0105,2024,607458.14,183742.58,172748.2,857839.09,251057.74,312899.45,352470.14
CID0106,2019,1930131.0,802945.98,251625.3,142588.87,22301.42,83592.76999999999,54755.29
CID0107,2015,388987.14,157842.36,77076.9,29144.85,23672.84,345174.93000000005,571469.51
CID0108,2022,757845.49,209222.31,180712.99,409715.09,293833.99,626582.35,34165.85
CID0109,2015,204102.41,65613.34,36879.02,962783.33,816024.56,955479.01,289771.81
CID0110,2016,264915.87,64327.06,75579.33,903294.66,158434.39,243978.02000000002,78384.06
CID0111,2020,813572.04,271128.66,211940.36,179471.18,96666.45,508894.02,422316.54
CID0112,2024,1188111.41,828542.22,352199.61,908451.07,630593.04,1087712.49,656549.88
CID0113,2021,1398364.21,515053.56,280789.55,400357.99,124796.39,383410.89,237456.19
CID0114,2021,1492313.6,366707.46,418005.57,853664.94,492510.86,511993.14,407267.85
CID0115,2019,62406.89,49728.64,10862.25,376594.69,272504.87,560007.0700000001,277767.66
CID0116,2020,1670809.02,1129417.92,350475.47,942976.11,638409.38,650811.49,583933.64
CID0117,2018,1809055.45,1418386.62,461693.93,896766.46,230757.42,482955.15,741865.8
CID0118,2024,1563079.14,755551.34,400832.52,429543.21,334235.76,741737.5700000001,437484.33
CID0119,2019,1555960.37,777400.69,397528.15,438471.19,346257.1,428909.3,708140.64
CID0120,2016,286699.67,141272.94,29372.06,121944.14,23939.4,165262.65,654013.59
CID0121,2020,615192.95,321601.21,154389.89,496365.38,363600.79,628002.1699999999,526213.85
CID0122,2018,141979.29,52259.16,26984.42,450789.62,94939.82,111108.09000000001,81478.37
CID0123,2023,776331.03,199034.03,131687.12,571915.22,193514.86,516308.26,605113.1
CID0124,2022,1019797.21,399125.87,200927.0,777359.62,450917.91,772404.83,351345.42
CID0125,2020,1004629.3,467196.13,112510.23,327121.59,228411.02,336229.56,244606.75
CID0126,2020,694560.07,185766.75,196606.36,518028.2,180130.82,431783.77,720145.66
CID0127,2023,1025811.62,572087.58,274481.96,148324.85,21020.27,286046.24,703015.99
CID0128,2019,1097466.75,318475.34,314310.02,287154.57,184180.9,578643.07,105998.51
CID0129,2016,80070.71,52409.92,13806.76,638416.61,507382.15,535822.62,73897.19
CID0130,2015,192916.17,151942.12,54530.87,532531.75,279101.9,628768.28,343260.09
CID0131,2020,852414.81,257476.41,167762.51,809941.0,249629.95,289301.95,792079.36
CID0132,2017,1769782.02,841460.95,480780.56,425193.12,251097.56,513622.9,491663.25
CID0133,2022,258165.05,66371.86,67566.05,989005.97,281100.41,358146.63,642894.28
CID0134,2021,913536.84,411101.25,191834.74,234953.48,149350.11,434018.07999999996,342424.28
CID0135,2020,1485421.98,1072060.41,163205.24,274914.76,100411.9,266584.82,414554.97
CID0136,2016,87636.51,38154.66,14737.0,194425.1,40125.71,474699.92000000004,557552.78
CID0137,2022,631306.15,479050.21,86909.96,439972.75,318210.82,698372.25,789656.06
CID0138,2023,656057.37,438020.66,107245.95,927625.85,626327.71,819439.37,17237.92
CID0139,2017,632173.84,496625.23,106753.45,183998.5,115918.45,354347.29,760796.33
CID0140,2021,1784980.68,839842.1,435281.75,553112.76,103969.29,376214.86,585260.73
CID0141,2018,727901.19,411526.71,197224.64,406852.29,273858.72,655274.1299999999,91890.05
CID0142,2019,275717.05,92085.9,56828.8,409611.33,184788.02,318259.72,501183.21
CID0143,2020,1326534.31,663567.01,282455.92,775073.32,590138.48,1075274.89,267112.56
CID0144,2024,426721.68,183493.99,44988.29,288667.56,118223.03,460182.57999999996,635582.33
CID0145,2021,1903375.46,601803.68,202338.57,960482.73,527687.85,562385.75,536564.82
CID0146,2022,1366876.99,294135.27,336358.38,468523.94,54619.36,245404.78999999998,459638.95
CID0147,2016,1474274.87,460522.71,188251.44,587565.66,320785.16,402930.17,134130.35
CID0148,2015,1923885.77,844007.24,430956.96,538513.0,89789.04,567720.62,696699.33
CID0149,2019,719694.2,569310.84,95346.85,730473.74,82485.93,342971.48,458235.57
CID0150,2023,1794539.59,983981.64,236131.61,564388.7,380993.86,830698.86,157415.65
CID0151,2017,180241.13,108174.18,34199.42,748289.4,525575.5,815643.05,197621.84
CID0152,2022,687053.87,280936.15,141211.61,986473.57,530787.31,887462.27,201332.51
CID0153,2024,1146606.89,728285.93,338988.66,531962.51,395481.4,454041.03,57024.62
CID0154,2021,1349654.97,549754.73,181179.45,130773.41,36211.35,117594.19,433351.62
CID0155,2018,510919.98,106491.3,112443.22,783504.69,136680.46,403065.42000000004,703878.69
CID0156,2016,1173961.57,603340.97,213718.41,841093.25,422210.82,860494.1699999999,570195.44
CID0157,2020,1802280.44,492683.45,495454.69,191453.95,157516.42,530217.99,103761.94
CID0158,2018,1662440.1,1048855.4,309032.08,586070.03,356692.31,678147.39,690721.03
CID0159,2022,1640116.66,961472.55,452766.93,622853.61,167262.66,446855.92000000004,197518.53
CID0160,2021,761706.94,316622.77,120497.56,820463.87,396649.04,708627.77,257307.46
CID0161,2017,1937458.58,591352.72,331154.62,408911.52,236156.36,722885.34,239063.26
CID0162,2020,1974471.06,774137.43,242777.54,240829.09,211189.95,696305.78,737446.56
CID0163,2016,912996.05,204728.66,228636.22,431364.7,89335.51,505172.72000000003,537365.12
CID0164,2018,1602967.73,484745.18,373104.63,529811.65,169973.03,503995.94999999995,714951.96
CID0165,2023,674554.48,155683.04,153212.26,148104.03,119646.71,468169.05000000005,152270.73
CID0166,2019,971373.31,660763.44,274058.81,973885.3,335017.28,503522.45000000007,382604.25
CID0167,2017,351256.71,245430.18,51594.46,312957.43,38595.31,54294.97,553328.9
CID0168,2017,89736.67,56536.02,14733.6,200130.0,39377.79,63534.240000000005,359683.6
CID0169,2018,915358.01,509882.23,172855.84,223150.68,97269.7,538174.59,724090.28
CID0170,2022,1794361.34,1125452.42,357502.73,610030.09,107987.11,372869.24,626197.55
CID0171,2018,705389.68,159154.18,166989.89,264764.53,113573.83,289980.49,511366.55
CID0172,2018,1714612.71,1128570.69,357898.71,808917.11,98110.46,133739.94,567098.9
CID0173,2019,820970.07,330187.39,197076.49,890370.9,681182.51,842941.39,774025.74
CID0174,2023,490241.36,252288.56,52563.61,948740.04,212786.07,305036.96,126946.41
CID0175,2023,1532698.85,996646.03,270473.32,836633.56,636650.46,1030812.53,89693.25
CID0176,2024,606496.43,475321.69,148901.01,81096.99,63933.55,193384.22,596071.14
CID0177,2017,162360.56,117876.38,20032.62,205153.85,73528.62,146159.49,440867.92
CID0178,2015,1606208.95,1086504.14,452735.06,477929.35,376541.08,687930.12,744089.68
CID0179,2016,1952323.38,1059063.1,492979.51,702025.44,100048.31,218162.16,45273.52
CID0180,2019,1535717.91,331067.83,370022.45,979542.96,252866.7,685896.3,706980.04
CID0181,2018,1406641.9,484623.8,274165.99,990816.86,753402.4,1009415.86,214582.96
CID0182,2020,1098814.89,480037.14,115101.44,997838.49,356434.94,597087.09,429586.13
CID0183,2020,852125.65,469108.34,252143.94,45614.31,39993.6,430032.63999999996,115188.27
CID0184,2016,595762.9,273029.6,155617.08,466402.59,269538.53,648907.54,360066.37
CID0185,2015,339850.27,152186.16,86971.41,526136.89,301830.15,357264.87,545984.05
CID0186,2016,940897.31,557906.39,228149.68,584072.74,192651.48,625708.86,624277.83
CID0187,2016,1013932.93,302403.57,248124.49,691382.07,619459.49,787045.94,436529.23
CID0188,2024,1214815.75,731426.56,226341.49,904889.96,342124.72,736684.3799999999,258168.05
CID0189,2021,852509.11,446195.2,89154.55,923672.71,140947.4,435457.83999999997,225653.91
CID0190,2017,272570.41,215074.74,63016.93,256614.49,124832.47,415994.48,108583.62
CID0191,2015,1533537.01,356303.9,347515.22,211705.04,184041.64,441548.07,723517.34
CID0192,2019,530912.68,168747.12,66913.62,380153.75,140083.05,225464.86,630582.25
CID0193,2017,104794.44,54795.29,14459.66,274799.69,192628.32,669503.24,620138.5
CID0194,2024,333282.59,186535.74,74329.05,78700.93,57321.41,273730.68,784777.76
CID0195,2018,1345999.02,784515.64,219473.51,156324.09,138660.26,535500.4,703695.39
CID0196,2015,930779.34,262300.88,206255.17,120878.65,61795.69,461612.28,660266.61
CID0197,2016,1108611.05,359245.21,125276.64,164944.98,59377.56,439215.37,729795.53
CID0198,2019,392933.38,244561.15,45577.11,923013.09,637022.37,1037612.4299999999,163755.81
CID0199,2017,972358.31,507625.77,261722.28,647523.08,240660.35,688823.33,508278.52
CID0000,2016,701014.13,203688.46,77869.63,765992.29,278819.47,646072.44,688254.88
CID0001,2019,470189.82,227427.28,54855.24,352513.62,265660.67,587331.63,305432.7
CID0002,2023,847682.98,281125.59,159526.18,730699.91,112870.18,463670.24,125898.68
CID0003,2022,761561.87,488059.07,116382.2,328986.62,215210.47,415343.32999999996,75175.62
CID0004,2018,1222159.37,744511.28,320991.95,277382.92,59135.12,307895.09,699168.36
CID0005,2018,1218737.57,879357.42,246135.52,236278.13,87883.75,486963.45,707068.95
CID0006,2021,876518.42,393488.44,248802.27,179935.14,63428.65,556918.68,82785.29
CID0007,2017,1951026.86,506136.05,216079.58,64916.07,41098.77,243590.4,495073.85
CID0008,2019,1567129.26,976397.07,315052.03,305441.76,247662.24,457881.0,563569.74
CID0009,2020,201524.75,121175.55,59782.78,864543.99,94272.08,248642.61,748930.23
CID0010,2017,1989149.48,1331348.27,304798.81,656741.0,503125.35,977256.2,650115.94
CID0011,2015,100832.82,34043.11,25924.15,908594.26,521968.99,585814.75,754649.68
CID0012,2023,1388188.22,796696.73,294031.62,82260.31,37198.81,58210.479999999996,199979.3
CID0013,2023,341143.85,187618.83,34696.67,38290.35,17265.59,228307.59,451167.58
CID0014,2021,1111667.37,328032.36,216557.93,653889.64,489473.35,516442.38999999996,249918.01
CID0015,2019,1774745.09,599159.51,493191.75,996404.56,155890.32,355295.68,204090.38
CID0016,2016,1168087.72,453912.18,153706.59,95157.76,39857.97,349778.20999999996,56269.15
CID0017,2021,383874.04,158324.82,48026.33,959532.07,541917.34,839782.99,351355.49
CID0018,2018,723113.71,493398.86,133093.33,42822.62,7798.11,179396.88999999998,586388.8
CID0019,2023,1680820.55,639725.92,442916.65,676194.34,297572.27,410201.35000000003,719557.55
CID0020,2021,1519750.28,874775.55,331107.04,689474.9,337917.27,684114.78,495324.62
CID0021,2020,1509233.17,1026736.12,415419.7,698259.58,522222.88,879215.72,502737.27
CID0022,2020,853865.5,282470.88,109517.28,967855.34,815742.27,1065925.93,686124.18
CID0023,2019,338341.98,80387.51,95430.55,465845.32,397672.51,894202.65,451155.82
CID0024,2019,247063.67,52348.58,31113.43,590120.46,472646.76,721173.84,785992.63
CID0025,2019,1974691.32,1577403.61,375969.89,404937.13,253303.37,295152.36,537607.23
CID0026,2018,1710842.69,464557.85,428812.85,41198.8,9626.14,72570.14,19065.82
CID0027,2018,501069.56,397325.94,117470.3,710717.23,427242.78,623306.56,451695.2
CID0028,2018,1300774.85,560848.0,370050.42,294487.09,138309.56,262798.73,391328.15
CID0029,2020,1534026.16,602031.57,258756.76,851865.25,617457.75,1097229.52,462183.4
CID0030,2019,1695875.39,861320.23,215688.79,192963.1,167531.34,513295.81999999995,355782.62
CID0031,2023,1065803.03,309413.0,192558.65,50248.24,17604.6,239187.44,469515.55
CID0032,2022,1706306.15,886531.0,458095.11,550081.23,75147.64,188755.96000000002,570987.05
CID0033,2021,1158084.32,273458.71,204572.31,810460.24,229296.23,434054.49,694127.84
CID0034,2016,922050.75,405582.5,215033.6,177573.92,51926.6,128203.84,601801.21
CID0035,2016,1481528.48,527611.69,312625.84,914492.39,99700.35,540444.46,654845.86
CID0036,2021,1270982.11,468526.13,314704.65,740344.18,87527.52,226155.64,54799.05
CID0037,2023,950148.85,642397.48,135814.07,380737.67,189060.77,268067.74,306498.15
CID0038,2023,1882365.9,572675.11,529110.17,273191.34,114240.09,259552.32,736899.05
CID0039,2017,1046881.07,489862.78,133073.33,118693.26,75094.92,86904.0,155882.84
CID0040,2019,1336025.73,423980.7,188239.12,377574.27,146341.56,217334.27000000002,266568.49
CID0041,2020,965438.67,413564.67,247140.69,192498.8,28055.12,462368.04,654751.35
CID0042,2015,635363.66,443021.89,152445.26,112007.62,46166.03,186379.38999999998,726755.65
CID0043,2024,441857.81,185424.53,67460.6,973042.52,497672.47,980928.1399999999,111256.47
CID0044,2019,713344.15,523297.91,151717.8,882877.42,544142.64,594063.21,133715.5
CID0045,2024,369199.73,126751.85,103498.96,752630.25,302898.76,772071.26,718857.35
CID0046,2016,1086169.91,669711.25,310351.36,378302.51,251132.34,445917.19,261316.55
CID0047,2019,204843.5,54862.96,47507.28,653351.64,242852.81,477842.69,133224.66
CID0048,2015,778818.52,472406.97,120361.62,530265.74,386640.07,596309.05,522914.44
CID0049,2022,166880.05,60483.79,21328.29,237393.18,204264.67,690232.05,492810.75
CID0050,2018,281675.33,151440.76,44895.69,226457.43,155897.01,541845.27,462522.97
CID0051,2024,849359.27,632270.22,236973.69,502931.44,271943.76,770223.48,476020.6
CID0052,2024,1294108.12,807302.12,204954.8,286587.96,42254.78,499359.98,148922.21
CID0053,2024,1118836.25,874087.94,333977.12,418338.67,351974.19,737385.9099999999,360497.65
CID0054,2021,581317.51,286816.97,162534.11,578538.14,102363.74,356859.2,707359.44
CID0055,2017,1099548.13,505299.64,329684.6,70323.79,34549.11,62349.130000000005,419322.61
CID0056,2023,553030.61,204345.86,99218.73,981986.49,520363.34,705785.49,362134.27
CID0057,2020,215053.92,76574.84,62527.73,126951.39,13812.95,336743.51,260359.96
CID0058,2023,86640.65,38919.33,15355.87,454773.33,68498.6,359726.69000000006,345205.05
CID0059,2018,286429.61,103095.45,47355.51,100263.91,35682.76,475152.67,174658.98
CID0060,2024,1333830.66,854502.68,362588.61,556116.88,317078.45,447439.21,119760.98
CID0061,2019,1357107.25,948297.14,279758.46,293876.08,60632.45,145128.18,573068.96
CID0062,2023,1377957.03,465877.12,383554.19,926550.59,308626.32,448236.62,347978.81
CID0063,2022,249861.18,145686.75,53125.53,930125.36,328872.73,735185.05,17343.78
CID0064,2022,1732269.4,448846.34,482705.5,623406.79,139252.47,200663.41999999998,21411.15
CID0065,2017,75595.28,21248.64,10407.46,792753.55,275078.19,544685.3,311432.19
CID0066,2017,107614.28,43103.35,27077.37,716127.96,583603.74,658855.34,468127.95
CID0067,2019,748308.38,453197.61,94255.67,164340.21,97797.66,409463.61,475591.2
CID0068,2020,1463459.33,654058.2,263268.78,797667.75,173493.52,368605.95999999996,31497.41
CID0069,2022,1919144.57,1089787.69,321603.7,859431.05,501472.24,634201.73,643505.59
CID0070,2020,338850.3,243722.45,63154.93,26597.74,6205.19,385987.49,756376.75
CID0071,2024,795216.87,607404.01,166020.85,286892.44,152700.15,326134.1,621172.06
CID0072,2021,990970.0,411786.86,187401.34,22920.84,6562.92,221083.41,476729.01
CID0073,2020,1036176.65,315735.03,301962.44,425736.26,327860.66,637025.74,771788.49
CID0074,2020,268685.3,208952.91,27066.32,449317.19,298361.54,616033.8899999999,80978.57
CID0075,2019,910664.15,376527.55,232632.36,101011.02,32915.81,96699.41,784220.66
CID0076,2015,1098312.1,663650.54,150455.02,210008.03,34070.03,446951.75,155746.55
CID0077,2019,848063.7,557963.97,132629.19,329180.24,253566.7,434722.19,547420.12
CID0078,2021,1937335.78,397162.58,314526.9,267490.93,102242.61,163134.61,638894.9
CID0079,2021,1214187.98,394801.04,182131.31,52963.8,16724.5,421381.58,384336.26
CID0080,2022,900194.95,446288.92,92937.14,763840.04,630557.39,758846.53,66754.03
CID0081,2016,1754102.07,838815.07,466355.34,841676.06,267767.6,632445.32,198340.84
CID0082,2016,569704.8,188156.32,136342.86,80450.14,31036.75,446126.29,466662.45
CID0083,2015,374434.46,182860.71,77673.39,796964.23,599041.65,1078029.74,95796.51
CID0084,2019,1724032.87,649045.56,353200.22,38813.07,24615.74,198810.97999999998,118509.93
CID0085,2023,556801.03,234852.85,94737.37,523348.39,445806.06,791321.3,396650.61
CID0086,2020,1063434.41,362480.94,306414.44,426046.51,334891.57,593700.9299999999,306206.47
CID0087,2018,755620.55,239264.56,224958.31,590369.24,102654.28,307898.01,179608.52
CID0088,2016,1645165.28,420614.66,415795.17,70677.08,31799.42,368884.2,167136.37
CID0089,2019,1601702.18,1230099.18,211075.38,298463.82,198431.34,264738.9,589344.52
CID0090,2016,1108738.34,328554.94,204650.53,137515.66,65357.29,421990.72,144409.12
CID0091,2024,575891.01,289951.07,105300.81,570549.85,480176.01,791949.88,65337.24
CID0092,2018,1024114.71,297679.34,274379.37,397100.51,65195.17,414716.27999999997,356767.58
CID0093,2021,396543.24,233346.51,106081.08,537706.65,123149.38,265309.9,13404.3
CID0094,2019,1348547.3,546414.5,354428.6,32928.17,3756.37,492872.01,374513.41
CID0095,2021,656908.76,475261.11,97837.37,126565.26,54496.69,457304.29,792633.66
CID0096,2020,1372692.93,968710.72,188343.86,403019.49,234018.75,617243.9,603637.79
CID0097,2020,500821.41,386647.71,128640.21,211560.86,185882.89,459770.12,277421.67
CID0098,2019,1271322.47,874129.62,226983.4,108823.79,59937.68,348372.01,569594.92
CID0099,2017,292970.54,229662.54,67595.49,530813.51,385151.58,484821.56,336891.22
CID0100,2017,1959846.72,882039.31,201738.89,420943.16,46544.77,231953.16999999998,416618.51
CID0101,2023,1514414.42,891303.36,302284.69,98050.72,69120.49,83407.59000000001,535948.72
CID0102,2016,1925125.34,773854.15,301651.78,636418.52,476666.0,567514.19,271586.53
CID0103,2017,1754972.73,884746.64,374737.11,742946.24,435763.87,816558.64,503803.12
CID0104,2021,1879414.14,385133.24,241185.35,56390.2,28805.96,62723.75,335289.82
CID0105,2019,1744325.99,820772.25,506774.51,542972.76,300768.46,444320.65,138148.93
CID0106,2024,1682839.5,1079971.38,281065.41,757788.32,553505.37,778490.01,554718.01
CID0107,2020,329425.96,251143.39,89633.88,417969.11,168295.33,211255.77,127698.63
CID0108,2020,917716.14,603961.52,164687.18,121234.05,14689.86,54739.05,505011.97
CID0109,2018,1188398.61,582426.69,222105.57,521067.74,370586.94,643161.5800000001,302505.61
CID0110,2017,542648.43,161613.54,70581.58,132944.65,61722.6,210813.64,467709.84
CID0111,2021,592650.17,348413.13,87542.98,491594.46,368448.07,396741.75,495300.03
CID0112,2017,1286664.76,263743.82,334979.42,488166.51,157558.84,221040.49,330375.14
CID0113,2023,440942.48,283747.61,118700.75,162445.89,107304.21,148291.48,742788.92
CID0114,2024,1458757.68,596776.19,328637.23,980731.96,735618.24,1033027.4199999999,600581.84
CID0115,2020,1201584.85,926698.56,319988.58,810321.24,327661.48,548103.39,304298.75
CID0116,2022,1711508.56,1027920.05,391105.83,37608.19,27289.0,97652.04,342899.8
CID0117,2016,588054.19,447546.75,173632.79,360891.44,204038.09,431284.29000000004,569561.8
CID0118,2018,176584.23,77889.69,48168.42,691472.02,190180.84,534642.72,417894.48
CID0119,2018,320295.44,180677.02,92872.07,538654.63,441909.6,832112.4099999999,273070.03
CID0120,2022,1734592.69,378028.22,379562.78,728345.31,178596.21,520947.08999999997,336452.27
CID0121,2023,1872646.19,473983.79,350732.56,824762.37,269868.21,613478.98,116881.92
CID0122,2018,1241373.62,265534.32,251059.35,637523.74,252998.45,600055.76,39702.94
CID0123,2022,174911.49,120264.54,48137.93,598327.89,77894.61,172871.22999999998,473200.22
CID0124,2023,235497.02,83095.19,60924.09,680134.16,162206.22,365653.04000000004,160107.05
CID0125,2022,806925.45,543467.06,240568.52,894762.87,585180.99,803135.07,350479.86
CID0126,2022,106709.22,32414.0,15604.85,220254.49,104870.42,406540.47,345621.08
CID0127,2022,1116957.68,455847.52,199890.3,158695.85,51008.5,537755.4199999999,509010.0
CID0128,2022,1814368.46,374053.01,421177.08,611410.65,351041.31,630458.1599999999,631917.88
CID0129,2015,551068.6,210911.18,109994.63,550063.88,457061.19,588001.72,640463.39
CID0130,2017,1877966.99,1239433.28,259228.42,200409.89,67168.23,382234.87,312588.34
CID0131,2022,1456568.63,620221.02,417019.18,437124.39,368509.11,673156.3200000001,528591.46
CID0132,2019,276601.73,155960.46,78667.49,740524.4,478791.53,686999.98,275644.13
CID0133,2017,661145.9,474035.2,97324.33,227762.63,136424.1,334416.58999999997,474332.92
CID0134,2021,836470.16,452129.49,136227.86,821205.01,458779.48,707115.1599999999,705654.67
CID0135,2020,103086.71,27395.78,27949.2,810286.86,347893.76,601198.79,37159.59
CID0136,2018,436041.1,156661.25,86481.62,918089.14,572268.98,858632.1799999999,101346.68
CID0137,2023,497818.96,370214.72,143508.97,190490.82,146412.44,510952.67,137782.44
CID0138,2016,1025453.18,625167.23,251549.27,540594.78,366787.47,618141.4199999999,251533.94
CID0139,2023,1382344.71,627769.61,372399.27,230545.82,57426.93,418871.26,672658.86
CID0140,2021,669179.09,212879.87,114900.37,134456.6,75675.9,120091.76,100727.3
CID0141,2018,422930.16,192022.1,43862.31,637672.78,120261.39,274947.47,68753.63
CID0142,2018,638802.32,486441.12,179076.58,218044.94,54656.49,208442.8,58392.02
CID0143,2019,1103804.97,534366.32,167684.89,404550.14,226571.81,596376.9099999999,306910.96
CID0144,2019,313151.96,121405.68,31497.91,227637.82,127410.46,234637.13,703195.1
CID0145,2017,1156984.05,270987.11,219304.06,501697.46,181246.35,585778.03,199259.49
CID0146,2019,224290.36,123602.71,23327.96,548424.73,180869.17,221144.75,136212.29
CID0147,2022,1503417.63,329204.79,305156.93,290777.29,190443.08,650167.79,354124.0
CID0148,2023,340389.02,69608.8,95596.32,852457.78,110201.81,336555.52,296674.5
CID0149,2017,234325.61,99627.05,36758.05,551335.62,128500.31,371524.37,231106.66
CID0150,2024,323462.4,111705.97,91969.44,315082.12,98778.41,413369.93000000005,189721.97
CID0151,2024,184410.49,134787.17,54575.45,852707.22,452855.73,775958.59,593127.81
CID0152,2020,701839.24,296810.04,132405.42,498806.09,156736.65,226364.06,593639.39
CID0153,2016,249705.82,56610.47,72604.86,927467.15,680827.98,1023090.04,313404.96
CID0154,2023,1857793.3,1247947.26,441448.14,896575.99,328989.8,493840.03,725881.22
CID0155,2015,176870.56,71554.99,47456.21,221873.22,198093.48,368751.14,712204.66
CID0156,2022,1412686.46,793155.25,299160.91,576614.29,309579.38,699690.64,543370.6
CID0157,2019,983715.28,478258.94,228352.51,181547.07,49629.68,450759.2,51005.55
CID0158,2019,637314.99,303636.16,146051.54,867205.35,334822.68,539674.24,310881.61
CID0159,2017,238527.85,153937.62,33261.52,590322.55,196210.23,418959.49,710996.71
CID0160,2022,1059612.23,529102.12,275889.55,275330.95,237658.5,254829.35,369268.1
CID0161,2024,706906.41,553628.94,127803.93,99014.53,29437.29,407754.39999999997,746723.99
CID0162,2022,1089466.83,797972.04,119670.51,723142.48,191929.09,528326.92,199341.56
CID0163,2021,790026.51,521352.8,232644.01,850804.68,196891.29,506681.29000000004,348274.18
CID0164,2024,1393298.61,398644.55,303989.8,357065.54,47474.27,424401.30000000005,746455.97
CID0165,2016,1604532.04,1019093.75,191060.01,121785.5,39530.49,438167.82,586396.29
CID0166,2016,1250876.12,673413.66,346031.54,608493.04,512253.12,955959.64,549763.96
CID0167,2020,1519780.53,631459.72,268847.9,836199.23,702928.9,1169655.15,107457.09
CID0168,2023,1707057.68,1345997.54,398809.08,976198.68,383830.57,862878.94,265640.6
CID0169,2024,1253213.35,447372.33,288329.69,677118.34,583795.62,619315.19,573688.92
CID0170,2024,425392.94,155666.77,95169.02,238842.56,48193.07,207014.25,338014.88
CID0171,2015,161916.15,115123.95,43858.18,235088.81,61456.38,332120.51,136615.28
CID0172,2020,1110859.34,832344.02,199312.74,575735.85,130097.67,264932.27,408725.34
CID0173,2018,1152301.76,369447.29,174980.67,757406.98,560468.29,846290.1900000001,288699.71
CID0174,2016,473218.87,130200.67,99572.83,558335.67,180703.31,556907.48,223423.81
CID0175,2015,1786665.68,528643.42,220929.69,722066.84,264219.26,370362.48,515841.0
CID0176,2015,1149329.56,465740.52,196713.42,569749.25,256389.98,566428.04,129175.26
CID0177,2023,285576.28,214555.17,80192.9,775845.38,695007.98,1083923.1,528871.24
CID0178,2020,1801250.67,845975.49,221470.67,929865.08,741930.12,856081.45,20994.21
CID0179,2024,127556.76,85051.04,19968.61,197439.3,95164.51,191807.91999999998,530595.52
CID0180,2019,643512.96,444905.33,144436.21,433380.93,170349.66,335449.05000000005,394112.19
CID0181,2024,943426.01,262565.37,103556.14,352600.43,281471.74,647878.78,284791.93
CID0182,2017,1951057.75,1398017.99,565268.75,149170.62,49045.02,168091.86,509348.84
CID0183,2015,1899035.01,1347696.02,236266.74,250003.6,62701.52,560004.77,276953.65
CID0184,2017,687631.39,300184.75,168257.0,641062.87,282668.61,370194.57999999996,288712.62
CID0185,2017,1374183.29,759864.18,370117.86,926855.62,484209.95,498982.72000000003,51227.6
CID0186,2019,414972.99,264803.97,96040.99,228144.76,145653.09,228308.96,126969.8
CID0187,2022,448591.11,159594.68,114762.19,504587.53,342595.81,377451.4,469701.45
CID0188,2024,518389.12,373751.31,131726.4,350228.72,156708.4,210507.52,183863.28
CID0189,2021,251306.84,86646.55,30601.47,984857.41,513518.92,692549.1,516005.84
CID0190,2024,708186.45,232654.38,174680.74,904868.44,423191.92,745743.53,394154.28
CID0191,2024,1203077.4,773030.34,292274.85,965404.57,273095.2,490824.07,27551.69
CID0192,2023,170548.26,111167.86,45783.32,927646.03,152086.69,165888.62,796907.17
CID0193,2022,300224.01,189277.4,42210.43,938884.07,188559.42,495671.64,736482.41
CID0194,2019,1167182.41,415321.67,239197.32,147638.7,62213.63,446230.84,304896.65
CID0195,2023,645857.98,379471.61,66042.4,177435.12,92795.44,553656.78,796663.79
CID0196,2017,1710880.64,1015425.09,358618.73,841160.52,307836.46,330280.49,748569.97
CID0197,2022,266943.67,173295.9,42128.36,296817.92,143424.32,372896.11,246060.91
CID0198,2020,890506.93,579431.05,262211.76,226960.15,140159.02,180757.72999999998,631420.1
CID0199,2020,1141554.01,391082.25,313230.27,481206.09,414250.2,542415.8300000001,543851.79
CID0000,2021,1665049.62,795787.99,433351.08,663261.16,87629.78,241285.37,580961.92
CID0001,2017,778218.67,508296.97,116434.88,712668.99,396074.68,886183.0,57856.89
CID0002,2024,1534764.12,342016.12,433834.79,200562.6,171551.25,525443.51,662345.55
CID0003,2015,865264.98,274545.81,184962.63,716810.46,502736.09,974643.45,424984.04
CID0004,2024,51985.16,35160.97,14226.14,590970.77,78935.88,429106.68,497843.6
CID0005,2016,1550483.16,850058.23,220144.52,87314.27,45585.48,318039.54,606894.48
CID0006,2018,1987045.6,614836.84,221228.38,541629.3,76757.13,160647.56,240152.51
CID0007,2021,1718200.8,990069.07,461733.49,358717.96,245257.0,632230.89,445519.11
CID0008,2021,1537618.23,580047.26,158114.46,179952.14,117873.15,297317.58999999997,551169.53
CID0009,2018,1703124.32,778297.45,332167.2,894589.41,276295.47,653932.44,64814.02
CID0010,2018,1661255.46,1188579.39,468651.18,585224.16,97256.81,173175.21,695852.75
CID0011,2019,1439199.11,1089281.99,431258.52,336917.4,160056.91,253740.44,646164.48
CID0012,2017,180078.91,56697.01,21879.32,399909.09,151835.71,445103.63,102430.41
CID0013,2021,1448654.14,507723.36,380641.24,761404.58,114553.67,518618.41,738287.75
CID0014,2021,541893.98,286314.76,130027.36,816909.61,465863.38,842589.49,701279.73
CID0015,2019,1064969.77,500926.67,225620.09,160512.52,133056.98,534330.18,663555.17
CID0016,2020,1656390.83,1069520.85,242836.8,787773.72,220776.59,502438.30999999994,521031.03
CID0017,2017,1784405.96,1134840.55,304622.62,39788.48,32718.6,125311.70000000001,297130.43
CID0018,2017,608401.57,393730.18,73500.72,662178.86,476558.32,765491.3200000001,104390.68
CID0019,2018,608204.02,294068.36,176997.36,972868.31,380114.33,590836.68,410644.13
CID0020,2024,1846823.32,588547.48,261389.93,982565.26,799944.77,1023334.42,451441.68
CID0021,2018,1451383.44,1100919.68,355335.8,937910.21,739563.18,847320.8,459185.1
CID0022,2017,848894.02,205295.06,178087.1,396610.8,274037.22,736542.78,346345.35
CID0023,2022,1742289.18,433819.12,317441.24,315382.61,215717.25,522136.98,413482.17
CID0024,2017,1153782.99,736674.98,140610.51,309135.53,160277.06,451798.48,505644.61
CID0025,2021,1978658.56,499267.38,566041.29,165229.41,73563.07,129867.5,543334.21
CID0026,2018,1087111.75,382459.74,302162.25,760002.21,229176.67,450566.51,162009.74
CID0027,2020,1613211.11,808999.79,476387.79,660405.74,167576.08,229434.83,546071.95
CID0028,2019,199106.69,107489.29,30358.39,951191.93,187533.26,353519.61,791665.51
CID0029,2019,298839.82,237271.37,67194.71,403401.05,76143.58,258037.3,262836.68
CID0030,2015,1050388.97,290313.25,210861.23,785864.91,497689.54,794676.19,28620.09
CID0031,2020,991825.81,348924.51,196976.79,368337.32,120327.22,146861.6,202233.54
CID0032,2020,838468.78,492579.15,124719.43,154411.02,101517.29,451476.88999999996,589071.03
CID0033,2017,757760.25,434824.74,167433.06,294204.1,173546.7,670692.3300000001,552087.2
CID0034,2022,1889636.06,1155192.64,330156.07,725761.62,357184.78,425690.45,641747.58
CID0035,2016,1296547.33,639156.66,144361.76,631968.84,214748.46,300514.72,498622.56
CID0036,2020,1359575.85,886316.38,317775.61,47403.87,34194.18,379383.42,255786.32
CID0037,2021,119492.07,69706.92,27954.4,784036.92,364818.31,632123.29,765322.24
CID0038,2019,725291.11,352381.05,145438.09,166398.58,41447.19,407939.19,734797.68
CID0039,2022,756276.66,339042.33,168054.25,764168.87,541273.32,576692.6799999999,41315.32
CID0040,2021,226162.99,53202.21,31101.01,847175.53,343383.2,471101.75,375048.87
CID0041,2024,1685727.78,1241875.97,348788.7,876608.7,215518.07,488117.59,519663.57
CID0042,2024,1782432.53,561769.93,189594.09,838804.48,243758.79,684679.54,28353.54
CID0043,2024,1512844.04,960591.39,375876.46,842190.62,704127.78,888220.4,107529.65
CID0044,2023,105373.09,56354.28,14161.6,80522.91,21095.99,34564.43,444762.71
CID0045,2022,234366.87,157297.49,28678.17,901421.94,562114.45,833360.73,610885.15
CID0046,2016,260756.24,86355.89,73942.07,355346.31,190988.56,315989.07,777531.64
CID0047,2017,84399.43,35543.58,8851.4,140234.17,63777.39,173499.36,442251.75
CID0048,2016,1544352.15,1190833.62,450108.31,381102.05,160225.07,644360.8300000001,338921.0
CID0049,2019,705395.28,434256.43,135465.22,611379.99,63851.4,172483.39,51972.65
CID0050,2024,1816068.37,763563.32,223115.44,495471.87,187197.32,583326.0700000001,14196.47
CID0051,2024,1695543.42,391022.87,423988.66,531870.35,262228.08,698115.51,619519.43
CID0052,2022,617701.29,164333.43,110433.4,641386.28,555600.56,1054089.2000000002,397488.9
CID0053,2021,1807471.7,1414420.62,313361.88,488847.44,284777.8,582284.09,736524.46
CID0054,2024,135457.26,80940.82,16147.46,751520.11,512120.8,639489.7,594102.97
CID0055,2016,1166468.78,682243.45,134991.05,989273.34,880529.79,1009970.25,733442.97
CID0056,2016,84521.44,37775.72,18179.68,523506.63,243704.1,688967.03,235155.49
CID0057,2022,681903.58,432216.49,183072.43,668064.65,506758.3,1006233.72,595698.87
CID0058,2015,710851.52,361867.05,199376.71,966047.85,118685.72,390278.29000000004,220253.63
CID0059,2020,1794291.9,479050.43,393181.8,159401.01,106692.18,133169.63999999998,584487.3
CID0060,2017,1897960.61,1336169.65,430030.21,827292.9,182138.78,458732.88,274804.8
CID0061,2015,334105.0,104721.37,58407.08,290502.19,224909.62,508652.69,645766.28
CID0062,2019,358645.69,188282.86,102662.59,256170.03,114955.63,202694.69,71630.05
CID0063,2023,1727299.89,892975.37,419951.05,385964.9,176747.23,436110.15,450010.65
CID0064,2021,253620.48,158512.91,48040.43,791153.27,684373.2,997445.6499999999,654733.54
CID0065,2018,200653.5,107502.09,38340.73,82705.89,46909.89,443813.13,703845.99
CID0066,2019,1181482.43,384330.47,282539.09,279847.87,172410.33,239570.49,163908.49
CID0067,2017,1076919.57,249140.88,143864.21,868407.35,713099.9,1127338.96,141000.36
CID0068,2016,1086464.65,568727.71,187825.9,806821.73,454314.67,953952.3899999999,155221.95
CID0069,2018,1378346.42,726008.78,367008.97,833578.97,591170.06,1066846.67,717972.18
CID0070,2016,1039043.0,296754.37,140514.52,838983.56,113079.65,538510.26,220960.2
CID0071,2017,462756.89,151551.8,91627.94,87442.43,18339.37,401069.57,309215.45
CID0072,2015,994571.15,373461.53,159831.43,134364.08,63013.1,94029.16,695665.88
CID0073,2023,430654.68,142712.22,104989.12,211412.21,138770.11,448880.52999999997,737428.45
CID0074,2017,1360963.13,792551.42,361033.72,558539.45,114526.02,412540.28,551430.27
CID0075,2021,1192225.88,638844.48,127784.03,755196.29,404580.89,572510.17,228950.19
CID0076,2019,1578223.93,621322.17,331717.91,605397.54,465714.77,891119.56,45472.94
CID0077,2023,533360.13,216359.95,67998.84,913243.81,243566.16,304093.8,293093.88
CID0078,2024,1734682.37,1022624.1,209644.42,599653.64,330873.88,503461.81,797012.58
CID0079,2017,1984520.32,717433.47,431295.02,397571.49,249914.81,299346.54,150996.24
CID0080,2016,1304551.5,406391.33,197406.7,575541.93,229096.39,645639.01,113463.32
CID0081,2019,1550217.4,310676.76,258308.59,44135.64,12485.77,274783.76,588738.18
CID0082,2022,234406.61,139416.42,42846.14,957914.33,129055.72,205310.47999999998,566862.6
CID0083,2022,1705418.63,393992.54,396796.14,130852.13,58442.16,222152.55000000002,150462.11
CID0084,2018,412148.1,283306.06,107255.93,72142.59,23979.05,122399.76000000001,108233.88
CID0085,2022,256130.34,143283.8,35788.67,849940.8,588387.44,1047746.83,229643.85
CID0086,2017,1774660.94,436695.61,501044.56,21604.8,6282.26,500041.16000000003,422898.89
CID0087,2022,1303788.63,789007.14,159845.83,543478.18,326942.92,725918.96,774752.5
CID0088,2019,1487560.64,522234.95,149570.83,232689.76,84755.79,395148.68,443655.46
CID0089,2024,918362.1,384524.37,138012.02,846657.82,644765.91,745402.06,74566.1
CID0090,2024,1769528.6,1410656.32,451636.13,697666.61,210495.24,583949.44,253232.33
CID0091,2024,797941.16,392261.02,108974.08,643110.15,271584.44,517052.03,51556.26
CID0092,2022,1504789.53,658578.78,232971.77,91029.88,67465.3,339110.25,681950.47
CID0093,2016,358698.31,251800.91,97151.24,978455.08,865902.69,1108494.4,628530.92
CID0094,2019,1519827.2,828260.11,438982.98,657033.26,533253.6,719089.95,721311.5
CID0095,2016,516285.49,381486.41,91920.01,222344.37,61723.97,160684.39,432424.66
CID0096,2021,1585747.14,772210.95,256344.12,805463.1,461596.03,569536.8,201348.84
CID0097,2024,1842612.21,1468912.08,252069.85,139673.13,44249.39,210975.8,679915.49
CID0098,2015,1980439.92,1148625.94,427774.57,223346.15,94816.61,546120.3200000001,386406.06
CID0099,2019,1080168.52,862212.65,266918.35,73936.2,60142.28,555368.62,176132.1
CID0100,2022,291554.3,167477.69,82284.08,607157.18,175867.19,563324.14,238122.01
CID0101,2016,516146.65,175588.91,150237.84,165064.26,95767.71,464041.18,74285.74
CID0102,2020,1940471.02,1198834.36,393488.89,796212.84,450807.67,845615.56,436748.99
CID0103,2018,533716.64,148751.58,61265.56,543658.89,92636.57,152391.71000000002,296515.37
CID0104,2022,1937061.46,636829.15,322776.42,132908.51,37371.27,178369.69,764273.56
CID0105,2021,812307.9,520182.15,190419.81,789462.19,527680.57,868464.71,733652.8
CID0106,2021,1035658.28,332087.55,204458.14,187374.44,152575.38,469240.67,255938.71
CID0107,2021,1897978.77,648169.25,302445.35,442520.29,278120.03,595543.77,11531.33
CID0108,2015,1999330.19,765636.17,471342.85,311736.5,142813.87,509238.12,505391.05
CID0109,2023,1911961.46,669259.47,430995.29,935976.51,768636.64,1227600.49,31082.23
CID0110,2023,412422.98,248581.24,96356.39,587403.23,101266.61,234318.24,603581.89
CID0111,2023,1387470.02,605234.96,266184.14,299387.57,167151.64,522907.94,337474.63
CID0112,2016,1631064.78,811130.75,167641.6,765478.47,328236.69,402110.18,187884.57
CID0113,2015,1981481.81,780515.58,331578.36,688063.13,611898.09,1091909.7,732319.42
CID0114,2021,491944.32,381093.1,133792.24,125300.45,72777.05,101918.08,650251.22
CID0115,2017,1409120.57,759425.51,154136.45,309484.15,230036.95,293070.05,798411.12
CID0116,2016,1530079.35,571816.71,433250.39,215522.44,168757.49,248194.26,104374.16
CID0117,2019,1463563.33,799272.24,323188.96,167897.47,95383.47,281254.43,143376.56
CID0118,2019,546428.85,110780.17,130908.65,547496.97,462518.41,927339.8799999999,47705.24
CID0119,2024,495223.2,337320.84,72194.43,340939.38,287880.9,598535.75,224203.35
CID0120,2018,155525.86,91076.86,16490.33,975821.18,388827.85,429078.44999999995,130121.43
CID0121,2024,1467415.73,787686.63,422642.5,921118.58,193509.94,446571.3,293726.67
CID0122,2023,80211.59,20801.3,14221.43,964502.22,560619.22,840126.5,485824.82
CID0123,2019,1258426.06,547038.93,256746.09,200753.15,20922.33,312622.24,290498.91
CID0124,2022,1498180.27,1126239.63,437647.97,328377.68,282942.58,589654.96,308750.19
CID0125,2020,594823.32,188587.18,160885.12,945609.64,571183.41,983036.56,687111.92
CID0126,2024,1901383.57,676901.95,412604.69,233665.28,45810.97,234911.09,463900.66
CID0127,2024,1439791.27,1006997.82,175272.21,263306.1,101202.97,219681.78,706651.23
CID0128,2022,377818.98,100266.52,72926.62,503496.66,94949.31,256552.77,248956.81
CID0129,2017,1364116.51,345090.44,210370.02,675641.23,90041.89,316066.54,254232.65
CID0130,2021,270413.22,110409.87,46632.16,35637.45,4155.34,427544.80000000005,406241.6
CID0131,2019,1694112.39,413120.28,330659.52,416728.19,115659.17,330791.61,408376.8
CID0132,2023,1305346.28,343731.47,169732.9,840319.96,620436.24,1003202.0,103219.53
CID0133,2021,1710348.51,1133702.41,319276.55,573070.93,460361.65,538604.74,128776.78
CID0134,2019,1433846.3,1145509.55,168542.92,180888.1,53043.37,239770.8,167447.41
CID0135,2021,1393454.48,1110418.28,372342.64,703274.04,199817.21,486230.41000000003,500989.7
CID0136,2017,419118.3,239365.33,114930.37,648985.1,483761.43,581397.8,728812.31
CID0137,2023,201609.52,114590.62,56071.74,187328.25,154888.68,446514.67,723484.5
CID0138,2016,1838334.56,477027.9,472088.65,322093.52,156593.26,358732.5,297933.91
CID0139,2016,1135513.09,525493.76,129044.6,943702.59,291347.14,708188.8300000001,375777.68
CID0140,2024,1903984.28,1000471.84,232244.65,914898.24,696433.05,968672.06,639681.63
CID0141,2021,1415457.12,925269.65,383805.64,660110.15,394971.02,605152.8,590234.81
CID0142,2016,1761429.22,400733.48,397023.11,88707.61,23673.97,371544.52,793597.6
CID0143,2024,1828538.37,1381408.51,195662.99,390075.5,97617.88,388023.28,768384.3
CID0144,2016,1558876.92,557656.35,436019.22,808205.36,707328.29,809513.8300000001,215482.72
CID0145,2021,476139.77,352889.54,105474.58,616095.8,184373.49,634474.55,348339.91
CID0146,2015,1264987.41,678300.8,174068.62,425082.45,226499.01,442222.5,39946.98
CID0147,2015,150560.87,105779.01,19146.6,645474.09,123984.19,211631.72,726604.16
CID0148,2021,294234.97,122799.56,86866.19,227695.78,78212.41,494453.62,565124.55
CID0149,2017,1353533.34,373692.29,250965.55,619337.54,89718.75,435926.5,161530.37
CID0150,2021,511570.33,359483.65,81577.37,784076.11,465765.77,782161.16,253661.48
CID0151,2020,1872194.86,579832.46,365819.25,385892.92,60434.19,354143.96,718218.83
CID0152,2022,810278.66,390880.21,96632.8,623964.09,461264.21,589551.12,453393.31
CID0153,2024,1692403.47,594021.2,388445.06,307336.79,111392.61,482985.17,465672.18
CID0154,2016,733232.63,483598.39,210094.84,761270.01,496662.02,791570.37,703800.58
CID0155,2022,79629.56,34488.78,14589.77,680549.84,287324.09,745603.3,754282.36
CID0156,2020,1980653.02,830292.1,467936.25,805171.57,613114.42,1037093.47,24982.7
CID0157,2022,1328171.3,854398.36,344295.75,990173.23,686342.84,874929.12,586553.76
CID0158,2016,832358.16,292006.1,173355.42,223521.74,38962.52,208401.34999999998,597502.43
CID0159,2017,834347.48,320909.54,131583.02,229599.78,82446.39,561658.22,410046.89
CID0160,2017,1131192.42,883033.01,336942.17,745328.94,426904.15,510664.06000000006,259115.95
CID0161,2018,492029.26,229385.07,123316.62,274695.7,94165.82,547828.22,715518.49
CID0162,2015,414269.25,136438.71,45653.38,383491.71,203366.81,344105.8,701305.24
CID0163,2016,580257.34,217370.75,153062.04,857219.88,228307.59,658799.98,371488.04
CID0164,2015,153781.63,111445.09,27103.97,41289.11,20692.52,517988.08,466151.3
CID0165,2024,978544.42,590505.1,128129.04,951160.53,736295.05,870483.1900000001,100087.29
CID0166,2020,1192773.13,758656.5,281605.39,413336.14,371175.47,432690.64999999997,40287.25
CID0167,2017,216104.6,68584.87,37856.86,491303.0,168422.99,541550.1599999999,729196.6
CID0168,2019,1820118.91,602856.06,229281.85,68201.96,24402.15,259613.72,634219.13
CID0169,2016,556004.6,435833.43,124926.81,508323.54,323523.69,470810.45,749435.94
CID0170,2024,1347286.95,747471.1,279135.03,342101.99,216909.83,321300.69999999995,445608.06
CID0171,2020,549709.04,208793.03,79737.06,470592.26,292072.41,467365.36,83627.93
CID0172,2024,284128.13,213222.7,77447.64,464996.54,232889.17,453182.72,707729.0
CID0173,2018,609373.42,198128.77,90351.56,385514.06,231435.59,640899.89,726714.28
CID0174,2020,364014.29,173226.65,89158.02,81612.41,63747.2,495313.57,780871.17
CID0175,2017,1703819.93,541374.71,226728.84,709183.16,388864.59,840543.04,637075.15
CID0176,2022,358845.66,146653.82,68536.86,772709.03,559213.44,831094.4099999999,752072.37
CID0177,2022,813708.05,386721.85,89144.09,121041.16,80352.07,102442.3,184079.5
CID0178,2015,1248461.79,901306.99,324589.07,216460.09,159360.02,498560.13,775376.93
CID0179,2023,1209295.96,595676.19,311932.83,762881.98,434964.14,553726.74,776730.0
CID0180,2020,1893918.38,1222084.4,391272.03,913462.91,151262.11,429243.73,585844.92
CID0181,2021,1086522.15,401854.58,242510.35,885658.95,757557.01,918748.06,616105.9
CID0182,2020,524188.7,355617.35,123156.62,974438.96,699351.4,1174322.34,429886.09
CID0183,2024,1964005.69,1251986.42,265457.63,410751.78,214091.99,515880.25,154826.52
CID0184,2016,859333.97,388008.02,193279.77,868260.51,678120.26,767080.5700000001,421216.96
CID0185,2023,1215533.82,683434.48,259147.89,55919.81,18873.26,324827.26,308188.69
CID0186,2018,100299.1,47396.34,15353.21,28896.95,17998.31,133438.09,689567.63
CID0187,2024,1399745.1,574969.13,323380.57,66573.66,23004.73,110098.45,549164.52
CID0188,2020,280532.11,151132.79,69166.83,913578.32,398866.43,856738.46,163045.35
CID0189,2020,318059.11,118529.65,33459.61,799966.87,677255.74,992939.9099999999,348080.27
CID0190,2016,1632966.86,600524.81,482620.38,212501.23,106945.03,140613.07,378585.37
CID0191,2017,1962271.85,672575.27,499797.11,168550.13,106197.66,304133.58999999997,24628.46
CID0192,2015,555856.7,332915.95,122518.76,254982.26,148403.34,487408.15,203040.13
CID0193,2020,1247102.67,987468.03,226906.0,268710.82,238165.5,285155.91000000003,86226.73
CID0194,2020,1023151.33,604572.22,194494.26,664563.91,517220.19,921203.64,521131.94
CID0195,2021,1474453.96,345036.2,418115.09,711968.94,632946.03,937200.8700000001,449513.69
CID0196,2019,1141149.64,800070.91,301262.03,158000.1,38368.72,446513.78,538952.75
CID0197,2024,311539.14,222998.28,84880.34,732109.61,517110.89,574612.64,559235.52
CID0198,2018,135757.1,27557.43,32291.49,328103.33,72841.94,547307.3200000001,494865.02
CID0199,2022,188790.26,111025.14,20023.78,767162.88,499529.32,934964.16,353830.46
