loan_id,loan_date,amount,status,payments_total,default_flag,created_at
LN000001,2023-05-04,418917.82,declined,242679.58,0,2023-05-08 00:00:00
LN000002,2018-02-07,97438.72,approved,66060.61,0,2018-02-10 00:00:00
LN000003,2015-01-26,140214.44,approved,105384.17,0,2015-02-12 00:00:00
LN000004,2017-12-18,312105.49,approved,260073.5,0,2018-01-03 00:00:00
LN000005,2017-11-21,209062.79,approved,187229.69,0,2017-11-25 00:00:00
LN000006,2015-11-17,308953.81,approved,179151.21,0,2015-12-02 00:00:00
LN000007,2015-03-11,112458.39,in_progress,94592.18,0,2015-03-28 00:00:00
LN000008,2022-08-22,262947.23,approved,185686.85,0,2022-08-24 00:00:00
LN000009,2015-08-30,198446.93,approved,117184.31,0,2015-09-10 00:00:00
LN000010,2024-07-27,474650.5,approved,385097.59,0,2024-08-09 00:00:00
LN000011,2024-01-01,166983.91,approved,110847.21,0,2024-01-09 00:00:00
LN000012,2024-08-18,451796.49,approved,445791.25,0,2024-09-05 00:00:00
LN000013,2017-10-30,255325.46,approved,150178.01,0,2017-11-06 00:00:00
LN000014,2019-04-14,340658.92,approved,198991.72,0,2019-04-20 00:00:00
LN000015,2024-05-30,237137.04,approved,214640.62,0,2024-06-07 00:00:00
LN000016,2021-12-23,69569.84,declined,56749.14,0,2022-01-07 00:00:00
LN000017,2023-02-20,350674.95,approved,187016.57,0,2023-03-10 00:00:00
LN000018,2015-11-12,384360.78,in_progress,294939.39,0,2015-11-29 00:00:00
LN000019,2019-04-10,472629.91,approved,284968.69,0,2019-04-14 00:00:00
LN000020,2019-05-27,286736.51,approved,203002.7,0,2019-06-13 00:00:00
LN000021,2022-04-08,349693.72,in_progress,230852.68,1,2022-05-07 00:00:00
LN000022,2020-01-28,130899.56,approved,81422.03,0,2020-02-10 00:00:00
LN000023,2015-08-30,413677.33,in_progress,373496.67,0,2015-09-23 00:00:00
LN000024,2022-07-24,433910.13,approved,306287.93,0,2022-08-04 00:00:00
LN000025,2023-05-21,95945.07,approved,93497.71,0,2023-05-29 00:00:00
LN000026,2021-01-25,288679.51,in_progress,224413.99,0,2021-02-11 00:00:00
LN000027,2019-12-15,203030.83,approved,109502.67,0,2020-01-11 00:00:00
LN000028,2022-12-03,113076.29,approved,101944.98,0,2022-12-29 00:00:00
LN000029,2017-09-23,356729.07,approved,227539.95,0,2017-09-29 00:00:00
LN000030,2016-12-24,93512.93,in_progress,74410.71,0,2017-01-13 00:00:00
LN000031,2022-02-08,65409.27,approved,45061.86,0,2022-02-24 00:00:00
LN000032,2020-04-04,41283.64,declined,33905.48,0,2020-04-22 00:00:00
LN000033,2023-04-23,384191.78,approved,286553.75,0,2023-05-20 00:00:00
LN000034,2015-07-31,328140.47,declined,306896.89,0,2015-08-18 00:00:00
LN000035,2022-05-26,47012.44,approved,44930.54,0,2022-06-17 00:00:00
LN000036,2015-11-12,211085.57,approved,143314.96,0,2015-11-20 00:00:00
LN000037,2023-05-12,213313.75,approved,140759.89,1,2023-05-28 00:00:00
LN000038,2016-07-15,483966.24,in_progress,257197.34,0,2016-08-11 00:00:00
LN000039,2021-02-06,443229.33,declined,342380.45,0,2021-02-25 00:00:00
LN000040,2015-09-03,209991.07,approved,113583.46,0,2015-09-13 00:00:00
LN000041,2018-03-26,86780.21,approved,51928.28,0,2018-04-12 00:00:00
LN000042,2020-03-16,225030.76,approved,173598.65,0,2020-04-01 00:00:00
LN000043,2020-11-02,459967.12,approved,305121.71,0,2020-11-14 00:00:00
LN000044,2022-08-23,318279.09,approved,200404.71,0,2022-08-24 00:00:00
LN000045,2023-05-03,223001.1,approved,126271.35,0,2023-05-03 00:00:00
LN000046,2017-10-11,369771.39,approved,260987.46,0,2017-10-28 00:00:00
LN000047,2022-02-01,174951.18,approved,128106.65,0,2022-02-22 00:00:00
LN000048,2019-10-02,466359.27,approved,388426.74,0,2019-10-29 00:00:00
LN000049,2015-03-07,70401.03,approved,52356.96,0,2015-03-27 00:00:00
LN000050,2018-11-05,401566.63,declined,267220.93,1,2018-11-23 00:00:00
LN000051,2023-10-10,105233.63,in_progress,74168.47,0,2023-10-30 00:00:00
LN000052,2015-10-24,251020.62,approved,218804.2,0,2015-11-09 00:00:00
LN000053,2021-07-13,150488.23,approved,142236.95,0,2021-07-30 00:00:00
LN000054,2016-06-17,306403.09,declined,184647.25,0,2016-07-12 00:00:00
LN000055,2018-11-25,110399.88,approved,110221.47,0,2018-11-29 00:00:00
LN000056,2015-07-31,268073.54,approved,267363.11,0,2015-08-05 00:00:00
LN000057,2016-08-02,347171.73,declined,199915.99,0,2016-08-07 00:00:00
LN000058,2018-12-01,225294.46,in_progress,190220.3,0,2018-12-29 00:00:00
LN000059,2020-08-20,461780.42,approved,277300.15,0,2020-09-01 00:00:00
LN000060,2023-05-19,331986.07,in_progress,314557.8,0,2023-06-14 00:00:00
LN000061,2021-07-22,180127.33,approved,136646.28,0,2021-07-25 00:00:00
LN000062,2024-08-03,218198.96,approved,128452.03,0,2024-08-21 00:00:00
LN000063,2018-10-09,403078.81,declined,341230.27,0,2018-11-06 00:00:00
LN000064,2016-07-16,320236.5,in_progress,299310.97,0,2016-08-06 00:00:00
LN000065,2021-06-11,162122.11,approved,122612.01,0,2021-07-02 00:00:00
LN000066,2023-11-14,95052.45,approved,79844.66,0,2023-12-03 00:00:00
LN000067,2018-04-05,123361.36,declined,76499.91,0,2018-04-12 00:00:00
LN000068,2018-01-02,474873.55,approved,367147.58,0,2018-01-03 00:00:00
LN000069,2019-01-11,401916.02,in_progress,230444.76,0,2019-01-17 00:00:00
LN000070,2016-11-10,450999.02,approved,341228.61,0,2016-11-16 00:00:00
LN000071,2024-06-29,419690.65,approved,267904.74,0,2024-07-06 00:00:00
LN000072,2018-07-08,131779.47,in_progress,94206.74,0,2018-07-12 00:00:00
LN000073,2016-09-01,85101.49,approved,49147.04,0,2016-09-15 00:00:00
LN000074,2015-11-21,441476.58,approved,369307.39,0,2015-11-30 00:00:00
LN000075,2019-04-03,411407.11,approved,257082.13,0,2019-04-09 00:00:00
LN000076,2023-11-19,342913.64,approved,300548.11,0,2023-12-06 00:00:00
LN000077,2021-11-18,145658.82,in_progress,103175.32,0,2021-12-06 00:00:00
LN000078,2016-12-02,216029.91,approved,180029.86,0,2016-12-30 00:00:00
LN000079,2017-06-06,46910.39,approved,28692.97,0,2017-06-06 00:00:00
LN000080,2018-02-22,273260.09,approved,222157.23,0,2018-03-08 00:00:00
LN000081,2022-06-28,280666.2,declined,159841.21,0,2022-07-16 00:00:00
LN000082,2023-09-17,186041.3,approved,115008.95,0,2023-10-02 00:00:00
LN000083,2021-02-06,230139.23,in_progress,185524.22,0,2021-02-24 00:00:00
LN000084,2015-03-19,473650.47,declined,318959.85,0,2015-04-14 00:00:00
LN000085,2021-07-21,41814.64,approved,28424.26,0,2021-08-04 00:00:00
LN000086,2016-07-15,84368.78,approved,73992.45,0,2016-08-02 00:00:00
LN000087,2021-06-24,366375.42,approved,330637.61,0,2021-06-28 00:00:00
LN000088,2023-02-20,208616.51,approved,127232.63,0,2023-03-08 00:00:00
LN000089,2017-08-15,173310.29,in_progress,106642.6,0,2017-09-04 00:00:00
LN000090,2024-08-06,212765.78,in_progress,121313.11,0,2024-08-11 00:00:00
LN000091,2016-08-19,467492.97,approved,434583.62,0,2016-08-20 00:00:00
LN000092,2017-03-11,407242.84,approved,204907.64,0,2017-03-13 00:00:00
LN000093,2023-12-04,178664.67,in_progress,97522.58,0,2023-12-24 00:00:00
LN000094,2023-10-30,148516.92,declined,136939.29,0,2023-11-01 00:00:00
LN000095,2016-06-24,232028.97,approved,189687.95,1,2016-06-27 00:00:00
LN000096,2024-06-04,138933.14,approved,135488.0,0,2024-06-15 00:00:00
LN000097,2022-04-24,147266.17,in_progress,136205.75,0,2022-05-07 00:00:00
LN000098,2023-03-24,157461.97,approved,95459.75,0,2023-03-28 00:00:00
LN000099,2019-11-12,58912.33,approved,46860.81,0,2019-11-13 00:00:00
LN000100,2020-10-14,339788.5,approved,258509.72,0,2020-11-02 00:00:00
LN000101,2023-10-01,445457.67,approved,255286.26,0,2023-10-06 00:00:00
LN000102,2020-06-16,76412.19,approved,43776.81,0,2020-07-15 00:00:00
LN000103,2024-11-30,411476.86,in_progress,220450.13,1,2024-12-25 00:00:00
LN000104,2017-06-29,427980.92,approved,351174.58,0,2017-07-04 00:00:00
LN000105,2016-07-18,450349.36,approved,413858.12,0,2016-07-19 00:00:00
LN000106,2020-07-03,485740.42,in_progress,387189.32,0,2020-07-17 00:00:00
LN000107,2024-12-25,259418.77,in_progress,195019.22,0,2025-01-05 00:00:00
LN000108,2018-10-27,70074.33,approved,59983.24,0,2018-11-08 00:00:00
LN000109,2019-01-28,496124.53,approved,453719.09,0,2019-02-18 00:00:00
LN000110,2016-06-25,244033.99,approved,234073.42,1,2016-07-23 00:00:00
LN000111,2018-06-04,39296.34,approved,28043.2,0,2018-06-06 00:00:00
LN000112,2018-09-22,97582.86,approved,59452.54,0,2018-09-30 00:00:00
LN000113,2015-08-09,427644.27,approved,266308.46,0,2015-08-26 00:00:00
LN000114,2017-12-07,89542.1,approved,73718.97,0,2017-12-17 00:00:00
LN000115,2021-12-01,293849.75,in_progress,163717.11,0,2021-12-28 00:00:00
LN000116,2024-01-02,89202.83,declined,65985.01,0,2024-01-15 00:00:00
LN000117,2024-11-16,292348.4,in_progress,244394.37,0,2024-11-24 00:00:00
LN000118,2020-06-07,415686.34,in_progress,357692.17,0,2020-06-26 00:00:00
LN000119,2019-04-19,299806.93,approved,182162.0,0,2019-04-24 00:00:00
LN000120,2020-02-21,21523.63,approved,18694.45,0,2020-02-22 00:00:00
LN000121,2017-05-29,390470.17,approved,208316.31,0,2017-06-22 00:00:00
LN000122,2017-02-01,224088.57,in_progress,171151.76,1,2017-02-02 00:00:00
LN000123,2024-02-18,337757.57,in_progress,266196.46,0,2024-03-03 00:00:00
LN000124,2024-09-29,266950.14,in_progress,194025.95,0,2024-10-06 00:00:00
LN000125,2020-07-11,43788.8,in_progress,32999.49,0,2020-07-30 00:00:00
LN000126,2020-01-03,111363.77,approved,70954.05,0,2020-01-19 00:00:00
LN000127,2015-03-02,454040.46,approved,447184.83,0,2015-03-10 00:00:00
LN000128,2018-06-11,387525.0,approved,357939.72,0,2018-06-25 00:00:00
LN000129,2019-07-29,125388.67,approved,80805.13,0,2019-07-30 00:00:00
LN000130,2021-05-03,46208.22,approved,24916.09,0,2021-05-25 00:00:00
LN000131,2024-12-28,318597.33,in_progress,210638.13,0,2025-01-23 00:00:00
LN000132,2022-10-11,335115.88,in_progress,193170.88,0,2022-10-29 00:00:00
LN000133,2024-05-20,125578.13,in_progress,82080.37,0,2024-06-12 00:00:00
LN000134,2021-08-26,132405.82,approved,99994.49,0,2021-09-18 00:00:00
LN000135,2016-10-20,273569.57,approved,229252.43,1,2016-10-28 00:00:00
LN000136,2015-06-26,225387.7,approved,154797.12,0,2015-06-29 00:00:00
LN000137,2024-06-27,122046.56,approved,90074.52,1,2024-07-06 00:00:00
LN000138,2016-07-09,193092.43,approved,177109.83,0,2016-08-07 00:00:00
LN000139,2022-01-15,451749.38,in_progress,328980.29,0,2022-02-11 00:00:00
LN000140,2023-02-14,464881.75,approved,270115.43,0,2023-03-05 00:00:00
LN000141,2020-03-17,170280.77,in_progress,133081.96,0,2020-04-01 00:00:00
LN000142,2021-01-05,243128.71,approved,170596.31,0,2021-02-01 00:00:00
LN000143,2023-10-16,211502.03,in_progress,135273.68,0,2023-11-02 00:00:00
LN000144,2017-04-27,110580.03,approved,78335.59,0,2017-05-01 00:00:00
LN000145,2019-05-10,361906.39,approved,306931.38,0,2019-05-30 00:00:00
LN000146,2021-08-14,46382.04,approved,35117.32,0,2021-08-29 00:00:00
LN000147,2019-05-18,193007.72,approved,151981.51,1,2019-06-15 00:00:00
LN000148,2021-05-25,390774.36,approved,244819.91,0,2021-06-23 00:00:00
LN000149,2019-02-14,119669.06,approved,98233.97,0,2019-02-17 00:00:00
LN000150,2023-05-08,272513.57,in_progress,234113.7,0,2023-05-20 00:00:00
LN000151,2021-06-06,441102.88,declined,348985.52,0,2021-06-13 00:00:00
LN000152,2018-01-19,106071.7,in_progress,87423.21,0,2018-01-24 00:00:00
LN000153,2024-09-06,50394.4,approved,42738.36,0,2024-09-24 00:00:00
LN000154,2016-03-24,428188.6,approved,338351.3,0,2016-04-15 00:00:00
LN000155,2020-05-09,232812.99,approved,198010.27,0,2020-06-06 00:00:00
LN000156,2021-04-02,284096.96,declined,243906.57,0,2021-04-05 00:00:00
LN000157,2018-08-14,372399.7,approved,266746.88,0,2018-08-26 00:00:00
LN000158,2022-06-08,374924.25,approved,316366.54,0,2022-06-17 00:00:00
LN000159,2023-01-22,243134.63,declined,154582.17,0,2023-02-12 00:00:00
LN000160,2018-04-09,36078.92,approved,32468.23,0,2018-04-29 00:00:00
LN000161,2017-09-16,59761.24,approved,38265.75,0,2017-10-13 00:00:00
LN000162,2015-07-10,214564.8,in_progress,137729.93,0,2015-07-26 00:00:00
LN000163,2021-04-04,27731.14,in_progress,18074.83,0,2021-04-28 00:00:00
LN000164,2022-07-17,226011.29,approved,172249.1,0,2022-08-05 00:00:00
LN000165,2022-05-11,357116.66,approved,273857.06,0,2022-05-26 00:00:00
LN000166,2021-07-17,449758.16,approved,345685.85,0,2021-07-28 00:00:00
LN000167,2020-06-23,298668.19,in_progress,271863.11,0,2020-07-12 00:00:00
LN000168,2016-10-05,38167.64,approved,38051.62,0,2016-10-21 00:00:00
LN000169,2020-12-18,77489.48,declined,72364.15,0,2020-12-24 00:00:00
LN000170,2019-12-14,237347.46,approved,176335.08,0,2020-01-01 00:00:00
LN000171,2016-04-16,443648.67,approved,381825.09,0,2016-04-22 00:00:00
LN000172,2023-09-04,347878.59,approved,311680.69,0,2023-09-11 00:00:00
LN000173,2024-04-13,299573.31,approved,261280.81,0,2024-04-14 00:00:00
LN000174,2016-07-29,320559.52,approved,211819.68,0,2016-08-20 00:00:00
LN000175,2023-12-15,129641.14,approved,108940.25,0,2024-01-12 00:00:00
LN000176,2017-01-31,100692.56,approved,97373.24,0,2017-02-11 00:00:00
LN000177,2022-07-26,347242.26,approved,245037.97,0,2022-08-24 00:00:00
LN000178,2021-12-21,374242.36,approved,197176.99,0,2022-01-19 00:00:00
LN000179,2022-07-11,449578.22,in_progress,276192.56,0,2022-07-11 00:00:00
LN000180,2019-10-24,130592.93,in_progress,123526.04,0,2019-11-06 00:00:00
LN000181,2019-09-05,307188.75,approved,256021.85,0,2019-09-23 00:00:00
LN000182,2015-04-09,234869.43,approved,175214.32,0,2015-04-17 00:00:00
LN000183,2023-06-05,100660.13,declined,64126.71,0,2023-06-05 00:00:00
LN000184,2019-08-21,15075.3,approved,13790.19,0,2019-08-25 00:00:00
LN000185,2015-04-20,381696.41,approved,336896.66,0,2015-04-21 00:00:00
LN000186,2018-03-08,209833.27,approved,159042.4,0,2018-03-25 00:00:00
LN000187,2016-10-04,210423.88,approved,135919.47,0,2016-10-23 00:00:00
LN000188,2017-11-23,371143.11,in_progress,357197.58,0,2017-12-06 00:00:00
LN000189,2015-03-18,67491.11,approved,47878.02,1,2015-03-28 00:00:00
LN000190,2019-03-11,108314.48,approved,63938.12,0,2019-03-30 00:00:00
LN000191,2016-03-31,217751.21,approved,110691.17,0,2016-04-11 00:00:00
LN000192,2021-09-13,441209.59,in_progress,302434.03,0,2021-10-02 00:00:00
LN000193,2023-03-16,138541.88,in_progress,78759.12,0,2023-03-27 00:00:00
LN000194,2023-01-26,448101.29,declined,311113.44,0,2023-02-15 00:00:00
LN000195,2018-01-15,390012.47,approved,219460.35,1,2018-01-17 00:00:00
LN000196,2017-04-16,380729.74,approved,190557.55,0,2017-04-16 00:00:00
LN000197,2017-07-08,18591.03,declined,16630.45,0,2017-08-06 00:00:00
LN000198,2024-04-07,165166.59,in_progress,86096.67,0,2024-04-19 00:00:00
LN000199,2018-05-05,191601.89,approved,172281.51,0,2018-05-24 00:00:00
LN000200,2022-07-01,27790.18,approved,16588.91,0,2022-07-14 00:00:00
LN000201,2022-01-10,190309.61,in_progress,165932.85,0,2022-01-19 00:00:00
LN000202,2018-07-27,291814.08,approved,188499.62,0,2018-08-03 00:00:00
LN000203,2016-11-01,247342.93,approved,183851.4,0,2016-11-11 00:00:00
LN000204,2016-11-09,335192.77,approved,217880.25,1,2016-11-24 00:00:00
LN000205,2019-05-11,219358.6,declined,203766.97,1,2019-05-14 00:00:00
LN000206,2024-07-09,139791.76,approved,115115.71,0,2024-08-04 00:00:00
LN000207,2019-08-22,471633.36,approved,437384.14,0,2019-08-30 00:00:00
LN000208,2018-11-30,300288.86,approved,241992.13,0,2018-12-17 00:00:00
LN000209,2015-07-03,378695.89,approved,220662.82,0,2015-07-06 00:00:00
LN000210,2015-05-05,74438.45,approved,66560.19,1,2015-05-09 00:00:00
LN000211,2018-11-13,240196.19,approved,177792.94,0,2018-11-15 00:00:00
LN000212,2022-04-13,480739.03,in_progress,246037.71,0,2022-04-29 00:00:00
LN000213,2020-11-12,398970.95,approved,299905.28,0,2020-11-19 00:00:00
LN000214,2015-01-08,28362.24,in_progress,25493.48,0,2015-01-28 00:00:00
LN000215,2018-04-15,469226.63,approved,346814.82,0,2018-04-22 00:00:00
LN000216,2015-08-11,306718.27,in_progress,240817.98,0,2015-08-20 00:00:00
LN000217,2015-11-25,48068.24,approved,39914.35,0,2015-12-12 00:00:00
LN000218,2022-03-21,204648.61,approved,136962.17,0,2022-03-21 00:00:00
LN000219,2017-08-10,447750.13,approved,259125.58,0,2017-08-15 00:00:00
LN000220,2023-01-24,278715.73,in_progress,235702.34,1,2023-02-11 00:00:00
LN000221,2018-05-05,471092.94,approved,278309.59,0,2018-05-21 00:00:00
LN000222,2015-07-11,254021.98,declined,192837.98,0,2015-07-17 00:00:00
LN000223,2018-12-01,179298.99,approved,137720.68,0,2018-12-28 00:00:00
LN000224,2019-05-22,412773.65,in_progress,352630.63,0,2019-06-15 00:00:00
LN000225,2016-04-18,287085.76,approved,151661.66,0,2016-05-15 00:00:00
LN000226,2019-12-14,221177.31,approved,125184.9,0,2020-01-12 00:00:00
LN000227,2015-07-08,384812.0,approved,372595.65,0,2015-08-02 00:00:00
LN000228,2023-04-21,354626.09,in_progress,222846.84,0,2023-05-16 00:00:00
LN000229,2024-01-08,147971.31,declined,82480.95,0,2024-01-27 00:00:00
LN000230,2019-07-27,215662.02,approved,147636.16,0,2019-08-09 00:00:00
LN000231,2021-02-19,287359.42,in_progress,233755.44,1,2021-02-25 00:00:00
LN000232,2018-05-15,466548.88,approved,250769.55,0,2018-06-03 00:00:00
LN000233,2024-10-29,75778.9,in_progress,66964.93,0,2024-11-13 00:00:00
LN000234,2016-10-30,126995.94,approved,83976.35,0,2016-11-28 00:00:00
LN000235,2015-04-11,399291.77,approved,323655.77,0,2015-05-10 00:00:00
LN000236,2023-01-24,363858.85,approved,301389.96,0,2023-02-14 00:00:00
LN000237,2020-01-16,203338.59,in_progress,102898.13,0,2020-01-16 00:00:00
LN000238,2023-04-30,194380.63,approved,182257.82,0,2023-05-14 00:00:00
LN000239,2022-11-11,52435.85,declined,27731.83,0,2022-12-07 00:00:00
LN000240,2015-05-07,250941.18,approved,191646.89,0,2015-05-21 00:00:00
LN000241,2018-01-10,383474.87,approved,210597.85,0,2018-01-13 00:00:00
LN000242,2020-01-19,237074.78,declined,149126.46,0,2020-02-01 00:00:00
LN000243,2021-05-03,35229.45,approved,20213.55,0,2021-05-25 00:00:00
LN000244,2020-05-28,122626.51,approved,80223.32,0,2020-06-12 00:00:00
LN000245,2016-09-06,462098.48,approved,248325.56,0,2016-09-17 00:00:00
LN000246,2022-03-28,271725.14,approved,180064.72,0,2022-04-18 00:00:00
LN000247,2021-12-30,216034.4,approved,113507.95,0,2021-12-31 00:00:00
LN000248,2024-12-28,158151.9,approved,148772.05,0,2025-01-04 00:00:00
LN000249,2020-08-01,83238.3,approved,81396.32,0,2020-08-24 00:00:00
LN000250,2017-07-28,393943.08,approved,367044.21,0,2017-08-16 00:00:00
LN000251,2021-04-29,375797.62,in_progress,316263.53,0,2021-05-20 00:00:00
LN000252,2015-01-24,298082.05,approved,225206.21,0,2015-02-08 00:00:00
LN000253,2024-05-08,55186.45,in_progress,41424.74,0,2024-05-16 00:00:00
LN000254,2019-01-06,216524.8,approved,200976.18,0,2019-02-02 00:00:00
LN000255,2023-06-19,360045.54,approved,297749.49,0,2023-06-19 00:00:00
LN000256,2015-11-11,379501.46,approved,245929.77,1,2015-11-24 00:00:00
LN000257,2019-05-24,347316.07,approved,322014.11,0,2019-06-08 00:00:00
LN000258,2018-09-17,105724.72,approved,57469.93,0,2018-09-21 00:00:00
LN000259,2015-12-09,273397.44,approved,241228.27,0,2016-01-05 00:00:00
LN000260,2018-10-08,258755.47,in_progress,215428.28,0,2018-10-14 00:00:00
LN000261,2016-06-29,207759.61,declined,138818.92,0,2016-07-01 00:00:00
LN000262,2021-08-26,375040.03,in_progress,330513.79,0,2021-09-20 00:00:00
LN000263,2024-05-26,95079.2,in_progress,79346.43,0,2024-05-26 00:00:00
LN000264,2015-05-29,480468.79,approved,337949.48,0,2015-06-14 00:00:00
LN000265,2021-01-27,415930.42,approved,383158.63,0,2021-01-29 00:00:00
LN000266,2023-05-26,315527.1,approved,294664.02,0,2023-06-21 00:00:00
LN000267,2018-03-26,378340.6,declined,207538.99,0,2018-04-05 00:00:00
LN000268,2016-03-07,185304.65,in_progress,128194.9,0,2016-03-15 00:00:00
LN000269,2021-10-25,344780.66,approved,179544.57,0,2021-11-13 00:00:00
LN000270,2018-08-25,320542.35,approved,315368.28,0,2018-09-18 00:00:00
LN000271,2024-08-29,60339.41,approved,52700.18,0,2024-09-07 00:00:00
LN000272,2023-10-22,406350.65,in_progress,211263.6,0,2023-11-14 00:00:00
LN000273,2018-12-05,23583.55,approved,19306.78,0,2018-12-29 00:00:00
LN000274,2018-03-23,129916.04,approved,72046.04,0,2018-04-05 00:00:00
LN000275,2022-03-17,406340.19,approved,399730.49,0,2022-03-18 00:00:00
LN000276,2020-12-30,97469.42,in_progress,54839.23,0,2020-12-30 00:00:00
LN000277,2015-03-02,486549.48,approved,404891.33,0,2015-03-12 00:00:00
LN000278,2015-12-30,240335.93,declined,202777.13,0,2016-01-04 00:00:00
LN000279,2023-01-10,222531.08,approved,184296.49,0,2023-01-23 00:00:00
LN000280,2019-12-21,411200.98,approved,389221.98,0,2019-12-25 00:00:00
LN000281,2015-07-05,416438.84,approved,315685.19,0,2015-07-27 00:00:00
LN000282,2017-07-26,188394.6,declined,95011.89,0,2017-08-17 00:00:00
LN000283,2015-12-23,52590.21,approved,38344.24,0,2016-01-09 00:00:00
LN000284,2018-07-15,124915.54,approved,93549.67,0,2018-07-21 00:00:00
LN000285,2023-10-25,340176.58,approved,263848.93,0,2023-11-11 00:00:00
LN000286,2021-08-24,76211.1,approved,74978.89,0,2021-08-24 00:00:00
LN000287,2017-09-07,121599.97,in_progress,77960.14,0,2017-09-16 00:00:00
LN000288,2024-07-21,88468.67,approved,72790.91,0,2024-08-18 00:00:00
LN000289,2021-04-25,82354.27,approved,50836.05,0,2021-05-03 00:00:00
LN000290,2016-09-12,41254.97,approved,36110.23,0,2016-10-05 00:00:00
LN000291,2020-08-30,344315.98,approved,250076.35,0,2020-09-04 00:00:00
LN000292,2017-07-29,362952.74,declined,239007.86,0,2017-08-08 00:00:00
LN000293,2015-03-31,475721.58,approved,237945.29,0,2015-04-16 00:00:00
LN000294,2016-11-18,405023.03,approved,396023.98,0,2016-11-27 00:00:00
LN000295,2023-06-20,101940.78,approved,97063.28,0,2023-06-27 00:00:00
LN000296,2020-07-19,262551.03,declined,151435.57,0,2020-08-06 00:00:00
LN000297,2024-12-17,11710.98,in_progress,8645.61,0,2024-12-29 00:00:00
LN000298,2020-06-01,75062.05,approved,60244.28,0,2020-06-29 00:00:00
LN000299,2017-05-20,19821.39,approved,14664.11,0,2017-06-15 00:00:00
LN000300,2021-10-27,241150.65,declined,218537.47,0,2021-11-07 00:00:00
LN000301,2019-07-07,278553.94,approved,236742.75,0,2019-07-23 00:00:00
LN000302,2018-12-16,333594.06,approved,194863.19,0,2019-01-08 00:00:00
LN000303,2019-08-10,119599.93,in_progress,118679.54,0,2019-08-28 00:00:00
LN000304,2019-03-27,238110.19,approved,190048.68,0,2019-04-21 00:00:00
LN000305,2024-02-15,482617.98,in_progress,436760.72,0,2024-02-16 00:00:00
LN000306,2019-01-08,320019.7,in_progress,186241.24,0,2019-01-15 00:00:00
LN000307,2017-02-02,122299.83,in_progress,91237.2,0,2017-02-08 00:00:00
LN000308,2023-01-24,180724.58,approved,173478.94,1,2023-01-30 00:00:00
LN000309,2021-09-30,333203.79,approved,265151.72,0,2021-10-04 00:00:00
LN000310,2024-10-21,358807.71,in_progress,354043.41,0,2024-11-11 00:00:00
LN000311,2021-08-08,379182.39,approved,266418.23,0,2021-08-26 00:00:00
LN000312,2017-10-15,290933.4,in_progress,239374.2,0,2017-10-26 00:00:00
LN000313,2020-03-12,333090.0,in_progress,303439.01,0,2020-03-29 00:00:00
LN000314,2024-10-03,221640.69,approved,218445.62,0,2024-10-16 00:00:00
LN000315,2023-11-15,41757.06,approved,39051.02,0,2023-12-13 00:00:00
LN000316,2016-02-19,17706.58,in_progress,14848.18,0,2016-02-28 00:00:00
LN000317,2015-10-25,150517.1,approved,75902.15,0,2015-10-31 00:00:00
LN000318,2021-11-09,87286.96,approved,56361.51,0,2021-11-22 00:00:00
LN000319,2015-05-29,269377.71,approved,166985.1,0,2015-06-25 00:00:00
LN000320,2021-08-08,29506.62,approved,28013.03,1,2021-09-04 00:00:00
LN000321,2015-06-16,54574.87,approved,35916.37,0,2015-07-09 00:00:00
LN000322,2021-03-07,340614.71,approved,200541.2,0,2021-03-16 00:00:00
LN000323,2016-09-20,335320.12,in_progress,217705.96,0,2016-09-25 00:00:00
LN000324,2019-08-09,14732.02,approved,12367.68,0,2019-08-14 00:00:00
LN000325,2023-08-07,34421.93,in_progress,20984.8,0,2023-08-29 00:00:00
LN000326,2021-01-01,486586.6,approved,447215.4,0,2021-01-30 00:00:00
LN000327,2015-02-22,44072.43,in_progress,38715.33,0,2015-03-13 00:00:00
LN000328,2022-09-04,477492.4,approved,451407.52,0,2022-09-09 00:00:00
LN000329,2020-07-10,121447.95,in_progress,119859.04,0,2020-07-24 00:00:00
LN000330,2023-11-25,216410.37,approved,216168.31,0,2023-12-17 00:00:00
LN000331,2018-07-05,450203.85,approved,417076.47,0,2018-07-21 00:00:00
LN000332,2017-08-01,318231.38,approved,195780.96,0,2017-08-11 00:00:00
LN000333,2024-07-01,95229.82,approved,85406.03,0,2024-07-09 00:00:00
LN000334,2021-04-04,320061.42,approved,262445.55,0,2021-04-22 00:00:00
LN000335,2023-05-29,208249.42,approved,160988.36,0,2023-06-26 00:00:00
LN000336,2018-03-06,400436.26,approved,286207.53,1,2018-03-29 00:00:00
LN000337,2021-12-12,245292.75,approved,206104.2,0,2021-12-15 00:00:00
LN000338,2019-07-24,242096.88,approved,227092.43,0,2019-08-21 00:00:00
LN000339,2015-01-03,270059.15,approved,158424.73,0,2015-01-06 00:00:00
LN000340,2022-08-03,88518.72,approved,61524.5,0,2022-08-17 00:00:00
LN000341,2024-12-26,193347.53,approved,157482.88,0,2025-01-14 00:00:00
LN000342,2019-08-03,113742.41,approved,98834.75,0,2019-08-14 00:00:00
LN000343,2016-01-09,381373.72,approved,285094.08,0,2016-01-09 00:00:00
LN000344,2016-10-14,467099.37,approved,352453.39,0,2016-10-30 00:00:00
LN000345,2022-06-24,358009.85,approved,340345.68,0,2022-06-27 00:00:00
LN000346,2017-08-19,403539.96,approved,209683.58,0,2017-08-28 00:00:00
LN000347,2022-03-28,435240.19,approved,366243.23,0,2022-04-23 00:00:00
LN000348,2020-02-07,87215.29,in_progress,83706.7,0,2020-02-13 00:00:00
LN000349,2022-04-22,63892.9,in_progress,34512.9,0,2022-05-10 00:00:00
LN000350,2020-08-02,478325.83,declined,450332.53,0,2020-08-26 00:00:00
LN000351,2020-07-22,326293.5,in_progress,205570.73,0,2020-08-01 00:00:00
LN000352,2017-03-25,173389.12,approved,159389.74,0,2017-03-28 00:00:00
LN000353,2018-09-10,401243.53,in_progress,380129.93,0,2018-09-14 00:00:00
LN000354,2015-04-13,104480.16,approved,98174.92,0,2015-04-29 00:00:00
LN000355,2015-06-14,154009.19,approved,119574.04,0,2015-07-03 00:00:00
LN000356,2024-12-07,490107.5,approved,245245.68,0,2024-12-28 00:00:00
LN000357,2016-06-20,321948.5,approved,163213.01,0,2016-06-21 00:00:00
LN000358,2019-08-25,391582.26,in_progress,228155.98,0,2019-09-23 00:00:00
LN000359,2019-09-26,214901.73,declined,200175.78,0,2019-10-02 00:00:00
LN000360,2018-10-09,277503.36,approved,253397.35,0,2018-10-15 00:00:00
LN000361,2017-07-11,223043.91,in_progress,217378.37,1,2017-08-03 00:00:00
LN000362,2018-02-04,274629.38,approved,173361.66,0,2018-02-28 00:00:00
LN000363,2020-07-04,443202.81,in_progress,426115.66,0,2020-07-26 00:00:00
LN000364,2022-01-04,436649.07,in_progress,343501.89,0,2022-01-04 00:00:00
LN000365,2024-09-08,159672.07,in_progress,117807.63,0,2024-10-01 00:00:00
LN000366,2016-04-06,166680.33,approved,162638.21,0,2016-04-26 00:00:00
LN000367,2015-03-13,243333.89,approved,186914.17,0,2015-03-27 00:00:00
LN000368,2023-04-15,426645.29,approved,325213.86,0,2023-04-17 00:00:00
LN000369,2015-07-30,12953.48,approved,10702.66,0,2015-08-02 00:00:00
LN000370,2016-01-29,480289.14,declined,353169.2,1,2016-02-04 00:00:00
LN000371,2021-11-06,478237.81,approved,305447.16,0,2021-11-26 00:00:00
LN000372,2023-05-15,53659.33,approved,46175.08,0,2023-06-03 00:00:00
LN000373,2016-08-14,339419.05,approved,335157.71,0,2016-08-18 00:00:00
LN000374,2023-01-21,54556.42,approved,42593.78,0,2023-01-29 00:00:00
LN000375,2020-12-04,157407.73,in_progress,80256.94,0,2020-12-31 00:00:00
LN000376,2019-03-09,225665.64,approved,149685.77,0,2019-03-23 00:00:00
LN000377,2020-04-20,442670.34,approved,377997.41,0,2020-04-30 00:00:00
LN000378,2020-12-01,492993.7,approved,277585.81,0,2020-12-22 00:00:00
LN000379,2023-10-31,272884.37,approved,200251.04,0,2023-11-13 00:00:00
LN000380,2020-04-17,183442.76,approved,126015.85,0,2020-04-18 00:00:00
LN000381,2017-07-06,300832.01,approved,168446.9,0,2017-07-06 00:00:00
LN000382,2023-05-09,107153.16,in_progress,87499.27,1,2023-05-16 00:00:00
LN000383,2023-11-26,499579.16,declined,489377.7,0,2023-12-21 00:00:00
LN000384,2022-02-20,476837.7,declined,438825.03,0,2022-03-20 00:00:00
LN000385,2021-11-03,291471.89,approved,225861.57,0,2021-11-27 00:00:00
LN000386,2020-09-10,390937.57,declined,372748.19,1,2020-09-25 00:00:00
LN000387,2022-04-15,129160.93,approved,106596.25,0,2022-04-18 00:00:00
LN000388,2016-08-27,318688.92,approved,287680.45,0,2016-08-29 00:00:00
LN000389,2021-09-17,343557.53,approved,206198.97,0,2021-10-08 00:00:00
LN000390,2024-12-10,373193.87,approved,362650.19,0,2025-01-01 00:00:00
LN000391,2019-04-10,479492.9,declined,303102.94,0,2019-05-08 00:00:00
LN000392,2021-03-19,438516.87,in_progress,241380.38,0,2021-03-26 00:00:00
LN000393,2016-05-20,185538.47,in_progress,132665.74,1,2016-05-26 00:00:00
LN000394,2016-12-09,79828.51,approved,58821.11,0,2017-01-04 00:00:00
LN000395,2023-05-08,462015.4,approved,351554.66,0,2023-05-25 00:00:00
LN000396,2023-03-04,238213.77,approved,221904.42,0,2023-03-25 00:00:00
LN000397,2024-12-02,455104.18,declined,259527.55,1,2024-12-24 00:00:00
LN000398,2023-08-31,433589.32,approved,328539.74,0,2023-09-18 00:00:00
LN000399,2023-02-02,467808.32,approved,297872.93,0,2023-02-11 00:00:00
LN000400,2020-03-15,407802.51,in_progress,297333.23,0,2020-03-15 00:00:00
LN000401,2021-06-14,28397.73,approved,17154.48,0,2021-07-01 00:00:00
LN000402,2021-03-22,220086.1,approved,162146.16,0,2021-04-02 00:00:00
LN000403,2019-07-29,168930.68,approved,157860.49,0,2019-08-25 00:00:00
LN000404,2016-12-27,453585.58,approved,234649.13,0,2017-01-11 00:00:00
LN000405,2016-04-10,205615.61,approved,149538.02,0,2016-05-05 00:00:00
LN000406,2015-03-07,430063.88,declined,331539.61,0,2015-03-10 00:00:00
LN000407,2022-11-19,328091.63,approved,174427.45,0,2022-11-20 00:00:00
LN000408,2023-06-09,265321.71,approved,156174.78,0,2023-06-11 00:00:00
LN000409,2015-03-13,94333.43,approved,87630.85,0,2015-04-01 00:00:00
LN000410,2017-08-18,69255.79,approved,38037.25,0,2017-08-29 00:00:00
LN000411,2024-09-17,25636.76,in_progress,15888.94,0,2024-10-05 00:00:00
LN000412,2020-03-09,198869.9,approved,139157.15,0,2020-04-01 00:00:00
LN000413,2023-11-11,91912.9,approved,71699.16,0,2023-11-29 00:00:00
LN000414,2022-08-19,460121.54,approved,331830.18,0,2022-09-03 00:00:00
LN000415,2016-12-11,28584.34,approved,22346.64,0,2016-12-15 00:00:00
LN000416,2023-08-26,395083.33,approved,333038.38,0,2023-08-30 00:00:00
LN000417,2020-11-05,225125.76,approved,197928.84,0,2020-11-29 00:00:00
LN000418,2022-02-15,200710.81,in_progress,172571.18,0,2022-03-10 00:00:00
LN000419,2024-01-13,98496.7,approved,94095.01,0,2024-02-04 00:00:00
LN000420,2016-02-01,117572.4,approved,89507.71,0,2016-02-29 00:00:00
LN000421,2021-09-14,142811.2,approved,124657.72,0,2021-09-24 00:00:00
LN000422,2019-03-29,334669.71,in_progress,213696.48,0,2019-03-29 00:00:00
LN000423,2018-08-19,181736.39,approved,180735.37,0,2018-08-28 00:00:00
LN000424,2022-05-21,485847.86,approved,318890.02,0,2022-05-31 00:00:00
LN000425,2021-12-07,416086.43,approved,229176.39,0,2021-12-21 00:00:00
LN000426,2019-10-28,256180.23,approved,210556.88,0,2019-11-18 00:00:00
LN000427,2022-02-06,272492.92,declined,198591.47,0,2022-02-23 00:00:00
LN000428,2015-05-22,177412.94,approved,148865.31,0,2015-06-19 00:00:00
LN000429,2023-05-10,44386.9,in_progress,27360.18,0,2023-06-02 00:00:00
LN000430,2023-04-27,195218.7,approved,109180.59,0,2023-05-12 00:00:00
LN000431,2022-06-28,87354.23,in_progress,73226.67,0,2022-07-20 00:00:00
LN000432,2020-05-15,430331.47,approved,344686.24,0,2020-05-26 00:00:00
LN000433,2019-03-02,328281.85,approved,209743.98,0,2019-03-09 00:00:00
LN000434,2023-10-07,458480.49,approved,349214.73,0,2023-10-18 00:00:00
LN000435,2024-07-24,214322.19,approved,115035.62,0,2024-08-06 00:00:00
LN000436,2018-03-20,304463.34,approved,165510.44,0,2018-03-28 00:00:00
LN000437,2023-02-17,456501.56,approved,427211.52,0,2023-02-17 00:00:00
LN000438,2017-01-29,83448.66,declined,50584.21,0,2017-02-18 00:00:00
LN000439,2024-10-15,243455.1,approved,145919.2,0,2024-11-11 00:00:00
LN000440,2022-10-01,59420.31,in_progress,37536.96,0,2022-10-09 00:00:00
LN000441,2018-06-21,401648.82,declined,258906.01,0,2018-07-15 00:00:00
LN000442,2021-05-31,150897.1,approved,134471.96,0,2021-06-09 00:00:00
LN000443,2017-04-12,244845.41,approved,212678.44,0,2017-04-21 00:00:00
LN000444,2019-12-21,213386.59,approved,168976.69,0,2020-01-02 00:00:00
LN000445,2017-02-21,399989.08,approved,241464.0,0,2017-03-17 00:00:00
LN000446,2016-03-22,342931.06,in_progress,294124.4,0,2016-04-16 00:00:00
LN000447,2017-09-03,234188.6,approved,228602.68,0,2017-09-15 00:00:00
LN000448,2015-05-21,360233.26,approved,348245.92,0,2015-05-23 00:00:00
LN000449,2018-12-17,231671.19,approved,165754.29,0,2018-12-25 00:00:00
LN000450,2016-10-25,466190.2,declined,399499.9,0,2016-11-06 00:00:00
LN000451,2022-10-07,395918.69,approved,395065.63,0,2022-10-17 00:00:00
LN000452,2018-06-25,212579.91,approved,187145.0,0,2018-06-30 00:00:00
LN000453,2020-01-21,57766.26,approved,38320.39,0,2020-01-28 00:00:00
LN000454,2024-10-01,237540.95,declined,159869.24,0,2024-10-12 00:00:00
LN000455,2015-02-14,498471.9,approved,470135.26,0,2015-02-15 00:00:00
LN000456,2016-09-22,202964.21,in_progress,149809.95,0,2016-10-20 00:00:00
LN000457,2020-12-25,373137.13,in_progress,299251.48,0,2021-01-21 00:00:00
LN000458,2020-03-11,348780.25,approved,335574.25,0,2020-04-01 00:00:00
LN000459,2015-08-03,83407.86,approved,42800.03,0,2015-08-03 00:00:00
LN000460,2018-08-06,167270.49,approved,155199.22,0,2018-08-14 00:00:00
LN000461,2024-06-06,358819.88,approved,208654.81,0,2024-07-05 00:00:00
LN000462,2017-01-08,129629.14,approved,124817.27,0,2017-01-16 00:00:00
LN000463,2021-07-21,461047.91,approved,310680.31,0,2021-08-05 00:00:00
LN000464,2015-03-11,99081.46,approved,71749.54,0,2015-03-19 00:00:00
LN000465,2021-07-14,402975.29,in_progress,278205.32,0,2021-07-26 00:00:00
LN000466,2021-04-24,33057.34,approved,23808.17,0,2021-05-23 00:00:00
LN000467,2016-06-12,155421.89,approved,81474.08,0,2016-07-09 00:00:00
LN000468,2021-06-07,114223.68,approved,72096.0,0,2021-06-16 00:00:00
LN000469,2019-05-03,164514.48,approved,160010.79,0,2019-06-01 00:00:00
LN000470,2017-01-19,224451.05,approved,121631.52,0,2017-02-08 00:00:00
LN000471,2021-06-24,446553.77,in_progress,244889.22,0,2021-06-26 00:00:00
LN000472,2020-02-12,241182.86,in_progress,126808.28,0,2020-02-25 00:00:00
LN000473,2016-11-19,448944.12,approved,370314.08,0,2016-12-03 00:00:00
LN000474,2021-11-29,319922.72,in_progress,312100.95,1,2021-12-28 00:00:00
LN000475,2024-02-13,374957.24,approved,280271.65,0,2024-02-24 00:00:00
LN000476,2015-05-08,437441.76,approved,266316.21,0,2015-05-28 00:00:00
LN000477,2015-01-08,406432.16,approved,234498.13,0,2015-01-31 00:00:00
LN000478,2024-06-15,240095.31,in_progress,180739.08,0,2024-07-02 00:00:00
LN000479,2022-07-17,47784.37,approved,34102.41,0,2022-07-29 00:00:00
LN000480,2022-08-02,306489.54,approved,178151.68,0,2022-08-30 00:00:00
LN000481,2022-07-07,112831.51,declined,103953.76,0,2022-07-09 00:00:00
LN000482,2018-07-21,141299.24,approved,129636.85,0,2018-07-21 00:00:00
LN000483,2022-10-23,101384.03,in_progress,54975.65,0,2022-11-20 00:00:00
LN000484,2019-09-05,360725.98,approved,347905.94,0,2019-09-13 00:00:00
LN000485,2024-10-05,430441.97,in_progress,286804.92,0,2024-10-12 00:00:00
LN000486,2022-02-18,38694.21,declined,27984.25,0,2022-03-08 00:00:00
LN000487,2023-09-03,246411.61,approved,163660.81,0,2023-09-21 00:00:00
LN000488,2017-03-19,85850.07,approved,65989.94,0,2017-03-28 00:00:00
LN000489,2018-10-30,169166.53,approved,129510.46,0,2018-11-26 00:00:00
LN000490,2020-07-27,421101.27,approved,237424.64,0,2020-08-01 00:00:00
LN000491,2015-03-19,403988.65,declined,215015.4,0,2015-03-24 00:00:00
LN000492,2019-06-26,194137.25,approved,165740.98,0,2019-07-19 00:00:00
LN000493,2023-08-20,321081.02,declined,270419.18,0,2023-09-14 00:00:00
LN000494,2016-12-11,410008.58,approved,383956.71,0,2016-12-21 00:00:00
LN000495,2016-05-20,52308.15,approved,35582.96,0,2016-06-14 00:00:00
LN000496,2015-11-23,275548.97,approved,161961.22,0,2015-11-30 00:00:00
LN000497,2015-09-21,173608.88,approved,173271.11,1,2015-10-17 00:00:00
LN000498,2018-10-25,116661.02,approved,109872.73,0,2018-11-19 00:00:00
LN000499,2021-11-08,366427.4,in_progress,258638.88,0,2021-11-29 00:00:00
LN000500,2017-06-04,497536.15,approved,453392.69,0,2017-06-30 00:00:00
LN000501,2017-02-07,368883.46,declined,218958.66,0,2017-02-15 00:00:00
LN000502,2019-11-23,371842.26,approved,210310.48,0,2019-12-22 00:00:00
LN000503,2023-01-19,55571.11,approved,44225.31,0,2023-02-14 00:00:00
LN000504,2017-09-10,402975.03,approved,249832.37,0,2017-10-01 00:00:00
LN000505,2024-02-23,469067.87,approved,329370.13,0,2024-03-18 00:00:00
LN000506,2020-11-30,450609.82,approved,401797.86,0,2020-12-08 00:00:00
LN000507,2022-07-15,239161.29,approved,194472.22,0,2022-07-23 00:00:00
LN000508,2024-10-27,394379.45,approved,387137.93,0,2024-11-13 00:00:00
LN000509,2016-10-30,129133.65,in_progress,115679.0,0,2016-11-22 00:00:00
LN000510,2020-08-12,369888.69,declined,259207.19,0,2020-08-30 00:00:00
LN000511,2015-02-14,385129.82,approved,321308.06,0,2015-03-15 00:00:00
LN000512,2020-12-18,483657.78,approved,274541.54,0,2020-12-26 00:00:00
LN000513,2024-07-24,241627.97,approved,177484.64,0,2024-08-18 00:00:00
LN000514,2019-05-08,101686.24,approved,84154.02,0,2019-05-20 00:00:00
LN000515,2016-03-11,423674.32,in_progress,412361.45,1,2016-03-13 00:00:00
LN000516,2021-08-11,55988.14,approved,40017.51,0,2021-08-24 00:00:00
LN000517,2017-11-04,375218.56,approved,263477.16,0,2017-11-19 00:00:00
LN000518,2021-01-12,383465.97,approved,382579.26,0,2021-01-24 00:00:00
LN000519,2019-11-27,272540.46,approved,257762.85,0,2019-12-19 00:00:00
LN000520,2017-11-22,401732.96,approved,221606.8,0,2017-12-08 00:00:00
LN000521,2016-07-03,314878.99,declined,207857.83,0,2016-07-18 00:00:00
LN000522,2021-10-17,46179.0,approved,32579.01,0,2021-11-08 00:00:00
LN000523,2019-11-08,113857.1,declined,100906.1,0,2019-11-08 00:00:00
LN000524,2019-02-26,402652.38,approved,238331.83,0,2019-02-26 00:00:00
LN000525,2015-10-27,76251.91,approved,59044.55,0,2015-11-25 00:00:00
LN000526,2015-09-13,411939.98,approved,292618.93,0,2015-10-11 00:00:00
LN000527,2023-06-29,423074.55,in_progress,391046.13,0,2023-07-25 00:00:00
LN000528,2018-04-30,145592.75,approved,106541.18,0,2018-05-03 00:00:00
LN000529,2016-10-26,354564.03,approved,251306.07,0,2016-11-07 00:00:00
LN000530,2023-10-19,264085.9,approved,191557.89,0,2023-11-15 00:00:00
LN000531,2016-11-06,330174.99,in_progress,256990.37,0,2016-12-02 00:00:00
LN000532,2019-10-08,95901.72,approved,59693.17,0,2019-10-20 00:00:00
LN000533,2023-07-17,106379.59,approved,69265.49,0,2023-07-28 00:00:00
LN000534,2017-01-17,485496.1,approved,295457.45,0,2017-01-26 00:00:00
LN000535,2015-12-12,146934.63,in_progress,130426.9,0,2016-01-02 00:00:00
LN000536,2017-04-23,374353.21,approved,200722.63,0,2017-05-21 00:00:00
LN000537,2021-03-07,397478.22,in_progress,326059.47,0,2021-03-08 00:00:00
LN000538,2020-01-10,74375.66,approved,43694.33,0,2020-02-01 00:00:00
LN000539,2021-10-05,39018.61,approved,31810.71,0,2021-10-21 00:00:00
LN000540,2018-05-07,93496.0,approved,93021.34,0,2018-05-20 00:00:00
LN000541,2024-03-23,130260.2,approved,85295.82,0,2024-04-08 00:00:00
LN000542,2020-02-09,123463.26,approved,74068.93,0,2020-02-26 00:00:00
LN000543,2023-01-02,423863.73,in_progress,288585.24,0,2023-01-15 00:00:00
LN000544,2024-05-12,223513.08,approved,157841.22,0,2024-05-26 00:00:00
LN000545,2016-12-15,226307.25,approved,169041.93,0,2016-12-21 00:00:00
LN000546,2021-06-01,207872.91,in_progress,142482.12,0,2021-06-14 00:00:00
LN000547,2015-11-26,250664.61,approved,168052.21,0,2015-12-16 00:00:00
LN000548,2024-06-20,458173.84,declined,268359.23,0,2024-07-12 00:00:00
LN000549,2017-01-16,25255.22,approved,16201.36,0,2017-01-17 00:00:00
LN000550,2021-03-13,350634.92,approved,318773.33,0,2021-03-17 00:00:00
LN000551,2017-02-28,236045.04,declined,124294.51,0,2017-03-18 00:00:00
LN000552,2018-11-03,219961.49,approved,167865.01,0,2018-11-21 00:00:00
LN000553,2022-08-02,274950.43,approved,200547.56,0,2022-08-20 00:00:00
LN000554,2024-05-07,309485.47,in_progress,170466.19,0,2024-05-19 00:00:00
LN000555,2016-06-18,148795.14,approved,90017.72,0,2016-07-12 00:00:00
LN000556,2023-08-16,140508.83,approved,122282.9,0,2023-09-01 00:00:00
LN000557,2020-09-18,377068.56,approved,208701.71,0,2020-10-05 00:00:00
LN000558,2022-09-26,368775.62,approved,286406.09,1,2022-10-17 00:00:00
LN000559,2016-12-18,22008.27,in_progress,11411.83,0,2017-01-05 00:00:00
LN000560,2023-05-03,366724.81,approved,217947.48,0,2023-05-29 00:00:00
LN000561,2015-08-22,394853.32,approved,349119.18,0,2015-09-18 00:00:00
LN000562,2023-08-13,389875.78,in_progress,251811.81,0,2023-08-24 00:00:00
LN000563,2022-01-06,39051.99,declined,37357.74,0,2022-01-11 00:00:00
LN000564,2017-02-02,101139.67,in_progress,55561.78,0,2017-02-23 00:00:00
LN000565,2019-09-29,202047.27,approved,140491.4,0,2019-10-19 00:00:00
LN000566,2019-12-07,473059.21,in_progress,425664.31,0,2020-01-03 00:00:00
LN000567,2016-02-07,377280.33,approved,319049.91,0,2016-02-16 00:00:00
LN000568,2020-11-16,69261.26,approved,52835.21,0,2020-11-25 00:00:00
LN000569,2019-01-18,435971.64,declined,290708.34,0,2019-01-27 00:00:00
LN000570,2016-04-23,214763.65,approved,160170.09,0,2016-04-27 00:00:00
LN000571,2020-02-11,117739.73,declined,93905.61,0,2020-02-11 00:00:00
LN000572,2021-09-25,199847.24,approved,130113.31,0,2021-10-11 00:00:00
LN000573,2017-09-11,22068.82,in_progress,15754.12,0,2017-10-02 00:00:00
LN000574,2022-05-17,380657.67,approved,235089.68,0,2022-05-24 00:00:00
LN000575,2015-08-26,472771.35,approved,393059.04,0,2015-09-16 00:00:00
LN000576,2023-12-19,151340.46,in_progress,89415.6,0,2024-01-08 00:00:00
LN000577,2015-05-06,334989.99,approved,185482.33,0,2015-05-10 00:00:00
LN000578,2022-09-03,115891.36,approved,79649.7,0,2022-09-17 00:00:00
LN000579,2023-01-02,478499.26,approved,474784.06,0,2023-01-04 00:00:00
LN000580,2019-10-14,222363.55,approved,171017.06,0,2019-11-01 00:00:00
LN000581,2021-09-29,92174.69,approved,74180.68,0,2021-10-11 00:00:00
LN000582,2018-08-30,96304.54,approved,95504.55,0,2018-09-19 00:00:00
LN000583,2020-06-29,22836.35,declined,22041.47,0,2020-07-28 00:00:00
LN000584,2018-04-28,407811.07,approved,327707.93,0,2018-05-17 00:00:00
LN000585,2016-09-18,453316.78,approved,297619.85,0,2016-09-26 00:00:00
LN000586,2020-05-16,333534.74,approved,228751.15,0,2020-06-14 00:00:00
LN000587,2017-08-20,309585.95,declined,250677.25,0,2017-08-26 00:00:00
LN000588,2023-06-15,200568.33,approved,127929.74,0,2023-07-09 00:00:00
LN000589,2016-06-15,256152.91,declined,247158.73,0,2016-07-07 00:00:00
LN000590,2015-04-08,168328.04,approved,137448.7,0,2015-04-25 00:00:00
LN000591,2017-02-24,297007.15,in_progress,236773.32,0,2017-03-24 00:00:00
LN000592,2016-07-05,15053.88,approved,8299.71,0,2016-08-02 00:00:00
LN000593,2021-03-23,390076.38,approved,333164.77,0,2021-04-10 00:00:00
LN000594,2015-01-12,374084.34,approved,240152.65,0,2015-02-08 00:00:00
LN000595,2021-09-10,188018.31,declined,97178.81,0,2021-09-20 00:00:00
LN000596,2019-08-01,273453.53,approved,273384.82,0,2019-08-06 00:00:00
LN000597,2015-06-21,186487.19,in_progress,133956.87,0,2015-06-28 00:00:00
LN000598,2021-05-06,173808.49,approved,120688.0,0,2021-05-25 00:00:00
LN000599,2019-03-20,352708.58,approved,331423.5,0,2019-03-24 00:00:00
LN000600,2017-12-18,118274.74,approved,79466.29,0,2018-01-15 00:00:00
LN000601,2020-10-16,173669.45,declined,164355.55,0,2020-10-22 00:00:00
LN000602,2022-06-07,465271.27,declined,264345.73,0,2022-06-26 00:00:00
LN000603,2018-10-08,303368.8,approved,292985.88,0,2018-10-18 00:00:00
LN000604,2018-10-10,213413.15,in_progress,194376.14,0,2018-11-01 00:00:00
LN000605,2022-11-14,110247.94,approved,70476.05,0,2022-12-12 00:00:00
LN000606,2024-06-06,79317.44,in_progress,78506.82,0,2024-06-23 00:00:00
LN000607,2018-01-07,414854.78,approved,342264.23,0,2018-01-31 00:00:00
LN000608,2018-07-29,284983.81,approved,247475.93,0,2018-08-09 00:00:00
LN000609,2021-01-03,274238.26,in_progress,271407.96,0,2021-01-29 00:00:00
LN000610,2022-01-20,63379.08,approved,34604.23,0,2022-02-05 00:00:00
LN000611,2017-12-20,102143.71,declined,90660.34,0,2017-12-30 00:00:00
LN000612,2019-08-21,275205.85,approved,206175.89,0,2019-08-29 00:00:00
LN000613,2024-12-18,61642.12,approved,49174.31,0,2025-01-15 00:00:00
LN000614,2018-09-12,412320.41,approved,322506.89,0,2018-09-19 00:00:00
LN000615,2017-01-05,321882.57,approved,164666.36,0,2017-01-05 00:00:00
LN000616,2017-04-30,454418.22,in_progress,299858.87,0,2017-05-15 00:00:00
LN000617,2021-08-07,202546.64,approved,184893.02,0,2021-08-28 00:00:00
LN000618,2015-03-12,239338.1,approved,190950.86,0,2015-04-10 00:00:00
LN000619,2015-04-24,461742.87,in_progress,391923.18,0,2015-04-24 00:00:00
LN000620,2024-03-20,43857.64,approved,23040.86,0,2024-03-20 00:00:00
LN000621,2021-10-14,310990.69,approved,167473.11,0,2021-11-11 00:00:00
LN000622,2023-12-12,350714.28,in_progress,256053.84,0,2023-12-21 00:00:00
LN000623,2021-09-19,76107.35,approved,73948.96,0,2021-10-11 00:00:00
LN000624,2018-03-31,103234.46,approved,98200.57,0,2018-04-06 00:00:00
LN000625,2015-01-29,292813.24,in_progress,230304.93,0,2015-02-10 00:00:00
LN000626,2024-12-10,427765.31,approved,374738.4,0,2024-12-13 00:00:00
LN000627,2015-08-23,138269.19,approved,136002.78,0,2015-09-16 00:00:00
LN000628,2015-11-08,161509.77,approved,146124.71,0,2015-11-27 00:00:00
LN000629,2018-11-12,301002.74,approved,198412.1,0,2018-12-10 00:00:00
LN000630,2015-02-10,158447.67,approved,121551.55,0,2015-02-19 00:00:00
LN000631,2016-03-25,42366.56,approved,31426.66,0,2016-04-11 00:00:00
LN000632,2024-03-21,394933.09,approved,381916.12,0,2024-03-29 00:00:00
LN000633,2015-01-12,394604.15,in_progress,210807.18,0,2015-02-03 00:00:00
LN000634,2016-01-12,58002.59,in_progress,44457.51,0,2016-01-27 00:00:00
LN000635,2022-10-29,307730.64,in_progress,295559.64,0,2022-11-08 00:00:00
LN000636,2024-07-22,449728.52,approved,441020.3,0,2024-08-18 00:00:00
LN000637,2023-07-26,167375.07,approved,150267.64,0,2023-08-07 00:00:00
LN000638,2018-05-15,353669.63,declined,181453.77,0,2018-06-11 00:00:00
LN000639,2016-05-09,114384.44,approved,71646.36,0,2016-05-14 00:00:00
LN000640,2021-05-24,361336.47,in_progress,331768.22,0,2021-06-05 00:00:00
LN000641,2020-06-25,148081.44,approved,136216.04,0,2020-07-01 00:00:00
LN000642,2022-10-09,253591.54,declined,199355.04,0,2022-10-29 00:00:00
LN000643,2024-10-10,60744.91,approved,34040.44,0,2024-11-03 00:00:00
LN000644,2024-11-20,471015.73,declined,388915.89,0,2024-11-29 00:00:00
LN000645,2023-09-13,185902.0,approved,106291.43,1,2023-09-20 00:00:00
LN000646,2021-03-09,139260.99,in_progress,73596.32,0,2021-03-13 00:00:00
LN000647,2022-01-07,115092.65,approved,103632.99,0,2022-01-20 00:00:00
LN000648,2019-12-05,343535.42,declined,249097.51,0,2019-12-16 00:00:00
LN000649,2024-01-10,412270.68,approved,408320.44,0,2024-01-21 00:00:00
LN000650,2016-08-15,39678.85,approved,38003.34,0,2016-08-23 00:00:00
LN000651,2024-08-27,228119.37,declined,121931.46,0,2024-08-29 00:00:00
LN000652,2019-11-22,190922.44,declined,179446.13,0,2019-11-29 00:00:00
LN000653,2018-10-02,175174.42,in_progress,106699.44,0,2018-10-17 00:00:00
LN000654,2018-04-14,337132.46,in_progress,261256.71,0,2018-04-16 00:00:00
LN000655,2016-01-11,395239.33,approved,309523.86,0,2016-01-24 00:00:00
LN000656,2017-08-22,281137.81,approved,270240.65,0,2017-09-18 00:00:00
LN000657,2015-02-17,395026.08,declined,330784.17,0,2015-03-02 00:00:00
LN000658,2021-05-27,309573.88,approved,284374.5,0,2021-05-28 00:00:00
LN000659,2018-12-13,38580.71,approved,34995.07,0,2019-01-07 00:00:00
LN000660,2023-10-04,462752.57,declined,354790.18,0,2023-10-15 00:00:00
LN000661,2017-02-05,498792.5,approved,479315.69,0,2017-02-14 00:00:00
LN000662,2022-10-24,187136.39,in_progress,178723.26,0,2022-11-12 00:00:00
LN000663,2018-06-04,312286.19,approved,229574.77,0,2018-06-14 00:00:00
LN000664,2024-04-07,255994.03,in_progress,211450.36,0,2024-04-19 00:00:00
LN000665,2016-05-13,413704.86,in_progress,293234.66,0,2016-05-29 00:00:00
LN000666,2022-05-23,142967.78,in_progress,86852.76,0,2022-05-27 00:00:00
LN000667,2021-11-19,112133.69,approved,75753.14,0,2021-11-23 00:00:00
LN000668,2017-12-07,416922.08,approved,378348.69,0,2018-01-01 00:00:00
LN000669,2019-05-26,337384.26,in_progress,320835.69,0,2019-06-21 00:00:00
LN000670,2015-03-20,115280.01,declined,72770.86,0,2015-04-11 00:00:00
LN000671,2024-05-29,271497.83,approved,179567.08,0,2024-06-14 00:00:00
LN000672,2017-01-20,145254.8,declined,136603.62,0,2017-02-16 00:00:00
LN000673,2017-09-28,176091.9,approved,118031.52,0,2017-10-17 00:00:00
LN000674,2017-10-25,52300.6,approved,42722.54,0,2017-11-10 00:00:00
LN000675,2016-05-21,59948.44,in_progress,36349.41,0,2016-06-17 00:00:00
LN000676,2022-10-26,404289.94,approved,330038.31,0,2022-11-24 00:00:00
LN000677,2023-02-26,416347.65,declined,224825.63,0,2023-03-11 00:00:00
LN000678,2017-04-18,90895.32,in_progress,56742.61,0,2017-05-05 00:00:00
LN000679,2017-12-09,260616.02,approved,245802.94,0,2018-01-01 00:00:00
LN000680,2015-08-15,22367.73,approved,15875.46,0,2015-08-27 00:00:00
LN000681,2024-06-03,298191.26,approved,162250.21,0,2024-06-20 00:00:00
LN000682,2024-03-25,87853.51,in_progress,58638.91,0,2024-04-11 00:00:00
LN000683,2016-04-14,471578.9,in_progress,289410.34,0,2016-04-25 00:00:00
LN000684,2018-05-14,237147.93,approved,153525.08,0,2018-05-18 00:00:00
LN000685,2019-07-03,250391.14,approved,150318.57,0,2019-07-06 00:00:00
LN000686,2022-10-19,460596.77,approved,421483.68,0,2022-11-03 00:00:00
LN000687,2021-06-24,308863.63,approved,240849.71,0,2021-07-23 00:00:00
LN000688,2021-06-23,69841.08,approved,67801.26,0,2021-06-23 00:00:00
LN000689,2016-06-06,106536.36,approved,86715.44,0,2016-06-28 00:00:00
LN000690,2017-07-14,12910.51,declined,10585.88,0,2017-08-09 00:00:00
LN000691,2018-02-28,208216.42,in_progress,113566.04,0,2018-03-10 00:00:00
LN000692,2017-04-27,197255.95,approved,144738.18,0,2017-05-16 00:00:00
LN000693,2021-09-25,352949.82,in_progress,247125.13,0,2021-10-23 00:00:00
LN000694,2015-05-12,130269.04,approved,110454.38,0,2015-06-07 00:00:00
LN000695,2015-10-06,385713.29,in_progress,318545.66,0,2015-10-16 00:00:00
LN000696,2017-04-28,175665.01,in_progress,105864.6,1,2017-05-03 00:00:00
LN000697,2020-08-25,300822.59,in_progress,183523.35,1,2020-08-30 00:00:00
LN000698,2022-07-24,317331.03,approved,292341.99,0,2022-07-27 00:00:00
LN000699,2024-04-16,318924.96,declined,161130.99,0,2024-04-29 00:00:00
LN000700,2016-07-09,377323.22,approved,252728.0,0,2016-07-14 00:00:00
LN000701,2023-05-08,123207.28,approved,74663.65,0,2023-05-25 00:00:00
LN000702,2016-03-24,453300.27,in_progress,426603.05,0,2016-04-06 00:00:00
LN000703,2024-10-02,207484.06,declined,163993.71,0,2024-10-16 00:00:00
LN000704,2017-05-20,44571.52,approved,26679.26,0,2017-06-10 00:00:00
LN000705,2022-04-29,277174.42,approved,240381.68,0,2022-05-06 00:00:00
LN000706,2021-10-25,388829.71,approved,331570.82,0,2021-11-17 00:00:00
LN000707,2015-04-21,337201.27,approved,235145.13,0,2015-04-21 00:00:00
LN000708,2017-02-10,451575.26,approved,428937.11,0,2017-02-17 00:00:00
LN000709,2016-02-09,156793.78,approved,90213.32,0,2016-02-20 00:00:00
LN000710,2020-05-28,449976.37,approved,375161.81,0,2020-06-07 00:00:00
LN000711,2016-04-15,473972.28,declined,447268.34,0,2016-05-11 00:00:00
LN000712,2015-09-25,356916.57,approved,198714.42,0,2015-09-25 00:00:00
LN000713,2023-06-28,453768.88,approved,230498.42,0,2023-07-09 00:00:00
LN000714,2015-04-18,165373.66,approved,93066.11,0,2015-05-04 00:00:00
LN000715,2017-08-07,123875.11,approved,115138.77,0,2017-08-09 00:00:00
LN000716,2023-03-02,66695.09,in_progress,51042.69,0,2023-03-20 00:00:00
LN000717,2017-04-13,485353.83,approved,333422.51,0,2017-04-19 00:00:00
LN000718,2017-08-07,40245.71,approved,23194.5,0,2017-09-05 00:00:00
LN000719,2021-09-18,174348.11,approved,119095.15,0,2021-09-29 00:00:00
LN000720,2019-05-19,275285.32,approved,180517.01,0,2019-06-14 00:00:00
LN000721,2022-03-16,261447.6,approved,152769.69,0,2022-03-22 00:00:00
LN000722,2020-05-07,225950.41,in_progress,197508.88,0,2020-06-05 00:00:00
LN000723,2023-08-19,62910.87,approved,32510.92,0,2023-09-17 00:00:00
LN000724,2017-05-05,71169.35,approved,58420.24,0,2017-05-25 00:00:00
LN000725,2016-03-12,344878.62,in_progress,240592.21,0,2016-04-10 00:00:00
LN000726,2016-06-19,73946.49,approved,56577.41,0,2016-07-18 00:00:00
LN000727,2018-09-21,410342.26,approved,345809.84,0,2018-10-07 00:00:00
LN000728,2020-08-06,356869.96,declined,197809.18,0,2020-08-15 00:00:00
LN000729,2019-10-05,220205.32,approved,133464.08,0,2019-10-31 00:00:00
LN000730,2017-12-23,361072.55,approved,360129.14,0,2017-12-25 00:00:00
LN000731,2022-10-09,272072.17,approved,208499.78,0,2022-10-09 00:00:00
LN000732,2018-12-22,132645.55,approved,69816.85,0,2019-01-02 00:00:00
LN000733,2019-10-05,328742.87,approved,217783.53,0,2019-10-07 00:00:00
LN000734,2021-12-20,84809.87,in_progress,83390.85,0,2022-01-11 00:00:00
LN000735,2021-03-19,133364.29,in_progress,105958.39,0,2021-03-27 00:00:00
LN000736,2019-06-20,74459.17,approved,65229.51,0,2019-07-02 00:00:00
LN000737,2015-12-12,486254.96,approved,409340.26,0,2016-01-08 00:00:00
LN000738,2018-11-15,349897.01,in_progress,296130.9,0,2018-12-06 00:00:00
LN000739,2022-06-05,309956.78,declined,191481.5,0,2022-06-07 00:00:00
LN000740,2024-03-26,383404.28,in_progress,266358.97,0,2024-04-08 00:00:00
LN000741,2021-02-13,281159.24,approved,255655.94,0,2021-02-18 00:00:00
LN000742,2016-07-31,309293.66,approved,234178.19,0,2016-08-14 00:00:00
LN000743,2017-01-13,66754.89,approved,39479.98,0,2017-01-17 00:00:00
LN000744,2023-05-04,131128.92,approved,89411.1,0,2023-05-23 00:00:00
LN000745,2023-05-12,179623.96,declined,144707.81,0,2023-05-21 00:00:00
LN000746,2016-12-28,179371.25,in_progress,95409.18,0,2017-01-15 00:00:00
LN000747,2023-05-21,75960.11,approved,68701.0,0,2023-05-30 00:00:00
LN000748,2015-03-10,52524.62,approved,36301.53,0,2015-03-28 00:00:00
LN000749,2019-10-04,104890.76,approved,98826.73,0,2019-10-09 00:00:00
LN000750,2020-01-17,25056.56,approved,13990.53,0,2020-01-27 00:00:00
LN000751,2015-06-19,60121.53,in_progress,36061.2,0,2015-07-16 00:00:00
LN000752,2021-07-20,432438.71,approved,289746.77,0,2021-08-10 00:00:00
LN000753,2017-03-12,369233.35,in_progress,235223.47,0,2017-03-27 00:00:00
LN000754,2016-12-04,70123.95,approved,46178.0,0,2016-12-25 00:00:00
LN000755,2021-11-07,490797.52,approved,264444.93,0,2021-11-18 00:00:00
LN000756,2017-01-25,160805.64,in_progress,85206.33,0,2017-02-10 00:00:00
LN000757,2024-09-05,128353.02,approved,74384.01,0,2024-09-12 00:00:00
LN000758,2022-06-09,218842.07,approved,146028.99,0,2022-06-23 00:00:00
LN000759,2020-11-27,186486.52,approved,113602.5,0,2020-12-04 00:00:00
LN000760,2016-07-15,354790.93,approved,246392.5,0,2016-07-27 00:00:00
LN000761,2023-06-03,393561.16,approved,237981.38,0,2023-06-15 00:00:00
LN000762,2019-10-01,282599.56,approved,156187.08,0,2019-10-09 00:00:00
LN000763,2017-05-12,105886.32,declined,74718.19,0,2017-05-31 00:00:00
LN000764,2016-12-07,201259.68,approved,121132.21,0,2016-12-27 00:00:00
LN000765,2015-05-30,56199.98,in_progress,53515.34,0,2015-05-31 00:00:00
LN000766,2021-07-03,366204.71,approved,234010.38,0,2021-07-11 00:00:00
LN000767,2017-12-21,45057.38,approved,27893.41,0,2018-01-11 00:00:00
LN000768,2017-03-23,130108.91,in_progress,114078.07,0,2017-04-05 00:00:00
LN000769,2023-08-09,206374.11,approved,153259.03,0,2023-09-01 00:00:00
LN000770,2022-12-16,440538.82,approved,440398.76,0,2023-01-08 00:00:00
LN000771,2018-01-30,328355.86,in_progress,258007.48,0,2018-02-12 00:00:00
LN000772,2019-01-25,357340.24,in_progress,184536.08,0,2019-02-12 00:00:00
LN000773,2019-01-10,116998.36,approved,113969.07,0,2019-01-21 00:00:00
LN000774,2017-05-12,184497.84,approved,146666.98,1,2017-06-09 00:00:00
LN000775,2022-05-27,406586.15,in_progress,388999.3,0,2022-06-17 00:00:00
LN000776,2024-03-18,423349.78,approved,286207.7,0,2024-03-30 00:00:00
LN000777,2023-07-16,84342.65,approved,51417.25,0,2023-07-26 00:00:00
LN000778,2020-09-14,323480.9,approved,292303.21,0,2020-09-17 00:00:00
LN000779,2015-12-09,43030.94,declined,31257.42,0,2015-12-20 00:00:00
LN000780,2019-12-26,175583.42,declined,122529.29,0,2020-01-13 00:00:00
LN000781,2019-12-30,346751.55,approved,241975.01,0,2020-01-07 00:00:00
LN000782,2023-07-06,141671.45,approved,116313.11,0,2023-07-07 00:00:00
LN000783,2021-01-26,463040.27,approved,306181.37,0,2021-02-01 00:00:00
LN000784,2016-04-29,324052.76,declined,220678.61,1,2016-05-06 00:00:00
LN000785,2021-11-02,486383.61,approved,273174.42,0,2021-11-27 00:00:00
LN000786,2018-08-31,414414.54,declined,275929.36,0,2018-09-01 00:00:00
LN000787,2015-05-14,303122.47,approved,277233.88,0,2015-05-23 00:00:00
LN000788,2017-01-22,235081.48,in_progress,180617.11,0,2017-02-01 00:00:00
LN000789,2016-10-29,191794.82,approved,127095.93,0,2016-11-06 00:00:00
LN000790,2018-06-12,191210.08,approved,154805.65,0,2018-06-23 00:00:00
LN000791,2019-11-14,489665.39,approved,262431.17,0,2019-11-21 00:00:00
LN000792,2017-04-23,335802.83,approved,233015.0,0,2017-05-14 00:00:00
LN000793,2020-11-21,135516.24,approved,113750.44,0,2020-12-11 00:00:00
LN000794,2016-05-12,402830.13,approved,245756.86,0,2016-05-19 00:00:00
LN000795,2018-10-17,390623.24,approved,317828.96,0,2018-10-23 00:00:00
LN000796,2017-08-25,42262.0,approved,23360.77,0,2017-09-21 00:00:00
LN000797,2020-05-26,228083.5,approved,124889.62,0,2020-06-11 00:00:00
LN000798,2017-08-13,16294.73,approved,10218.37,0,2017-08-14 00:00:00
LN000799,2021-03-03,212674.05,approved,138605.81,0,2021-03-04 00:00:00
LN000800,2020-11-04,72429.2,approved,54672.02,0,2020-11-21 00:00:00
LN000801,2016-12-05,232892.65,declined,232531.97,0,2016-12-15 00:00:00
LN000802,2021-11-09,37850.73,approved,19959.87,0,2021-11-21 00:00:00
LN000803,2018-01-31,116417.33,approved,71731.42,0,2018-02-19 00:00:00
LN000804,2015-09-15,156489.85,approved,129325.08,0,2015-09-20 00:00:00
LN000805,2016-06-02,219962.06,approved,151049.8,0,2016-06-18 00:00:00
LN000806,2015-02-28,305749.77,in_progress,298777.19,0,2015-03-20 00:00:00
LN000807,2020-05-27,434842.68,in_progress,303826.44,0,2020-06-19 00:00:00
LN000808,2022-07-30,116216.0,declined,112556.19,0,2022-08-04 00:00:00
LN000809,2019-01-04,170242.29,in_progress,135896.95,0,2019-01-12 00:00:00
LN000810,2023-02-28,48333.61,approved,31047.31,0,2023-03-15 00:00:00
LN000811,2018-11-19,324092.27,approved,234465.6,0,2018-12-07 00:00:00
LN000812,2022-07-26,186846.26,in_progress,180561.83,0,2022-08-04 00:00:00
LN000813,2021-12-10,335571.98,approved,269292.84,0,2021-12-18 00:00:00
LN000814,2022-01-20,50255.35,in_progress,27997.48,0,2022-02-06 00:00:00
LN000815,2020-04-26,495566.02,approved,492957.67,0,2020-04-27 00:00:00
LN000816,2020-09-19,34253.42,approved,21138.56,0,2020-10-01 00:00:00
LN000817,2023-03-04,68757.14,in_progress,46994.66,0,2023-03-07 00:00:00
LN000818,2021-01-06,114697.79,approved,70249.82,0,2021-02-02 00:00:00
LN000819,2024-03-12,173496.1,in_progress,107098.56,0,2024-03-29 00:00:00
LN000820,2024-07-24,247434.46,approved,217059.79,0,2024-07-30 00:00:00
LN000821,2017-03-03,54023.91,in_progress,49118.8,0,2017-03-11 00:00:00
LN000822,2018-12-24,319554.71,approved,209479.16,0,2018-12-27 00:00:00
LN000823,2019-01-08,367053.66,approved,362584.57,0,2019-01-10 00:00:00
LN000824,2018-10-28,450821.89,approved,344984.0,0,2018-11-18 00:00:00
LN000825,2016-09-02,428517.15,approved,280895.96,0,2016-09-05 00:00:00
LN000826,2020-08-19,53506.98,approved,50118.55,0,2020-09-17 00:00:00
LN000827,2016-03-11,85600.04,approved,73451.96,0,2016-03-11 00:00:00
LN000828,2016-02-17,90015.0,in_progress,77663.93,0,2016-02-22 00:00:00
LN000829,2017-08-12,481845.58,in_progress,306990.74,0,2017-09-03 00:00:00
LN000830,2018-09-17,315234.49,declined,232568.99,0,2018-10-06 00:00:00
LN000831,2024-08-14,400762.31,approved,346859.04,0,2024-09-09 00:00:00
LN000832,2015-04-09,488344.32,approved,399483.16,0,2015-05-04 00:00:00
LN000833,2021-11-06,17420.01,approved,9748.74,0,2021-11-18 00:00:00
LN000834,2016-02-21,468491.39,approved,305527.72,0,2016-03-02 00:00:00
LN000835,2019-02-06,316846.73,approved,251813.5,0,2019-02-17 00:00:00
LN000836,2020-08-30,154777.94,in_progress,83792.09,0,2020-09-20 00:00:00
LN000837,2016-05-15,297283.51,approved,288291.03,0,2016-05-26 00:00:00
LN000838,2022-03-10,149066.0,approved,96541.92,0,2022-03-10 00:00:00
LN000839,2020-11-20,360908.85,approved,274828.47,0,2020-12-02 00:00:00
LN000840,2024-03-05,107206.28,approved,81786.36,0,2024-03-25 00:00:00
LN000841,2019-08-04,254653.02,approved,212345.54,0,2019-08-19 00:00:00
LN000842,2020-11-09,187671.94,approved,165430.96,0,2020-11-10 00:00:00
LN000843,2022-06-29,143915.37,approved,124891.6,0,2022-07-14 00:00:00
LN000844,2023-10-09,249673.84,approved,213900.59,0,2023-10-31 00:00:00
LN000845,2015-08-15,225900.33,approved,128953.31,0,2015-09-09 00:00:00
LN000846,2017-06-20,77177.65,approved,66838.69,0,2017-06-23 00:00:00
LN000847,2022-04-10,215879.12,approved,129756.01,0,2022-04-21 00:00:00
LN000848,2019-05-19,346458.51,approved,213776.39,0,2019-06-12 00:00:00
LN000849,2021-12-22,392284.69,declined,386154.15,0,2022-01-13 00:00:00
LN000850,2019-11-07,254955.8,in_progress,144350.32,0,2019-11-24 00:00:00
LN000851,2022-05-27,26943.6,approved,17710.62,0,2022-05-29 00:00:00
LN000852,2017-12-13,265129.1,approved,239500.82,0,2017-12-26 00:00:00
LN000853,2015-08-08,245340.23,approved,143498.15,0,2015-08-14 00:00:00
LN000854,2017-09-20,122336.87,declined,77334.45,0,2017-09-29 00:00:00
LN000855,2021-03-17,491843.6,approved,348562.2,0,2021-03-20 00:00:00
LN000856,2018-12-15,190625.78,approved,95662.61,0,2018-12-20 00:00:00
LN000857,2021-03-21,338629.53,approved,239875.88,0,2021-04-09 00:00:00
LN000858,2018-06-10,444559.32,approved,317906.53,0,2018-06-19 00:00:00
LN000859,2019-06-22,356840.93,in_progress,212645.93,0,2019-06-26 00:00:00
LN000860,2015-04-30,370542.75,approved,236962.12,0,2015-05-27 00:00:00
LN000861,2015-08-18,348032.97,approved,224231.93,0,2015-08-21 00:00:00
LN000862,2022-05-18,332626.01,approved,264435.15,0,2022-05-24 00:00:00
LN000863,2023-03-19,65025.19,approved,33991.97,0,2023-04-09 00:00:00
LN000864,2023-06-19,369460.84,approved,198414.15,0,2023-07-08 00:00:00
LN000865,2021-04-21,386088.7,approved,338332.35,0,2021-05-12 00:00:00
LN000866,2018-06-19,290673.3,approved,167009.7,0,2018-07-15 00:00:00
LN000867,2022-07-21,359536.29,approved,290468.76,0,2022-08-11 00:00:00
LN000868,2020-03-22,359106.51,approved,200986.39,1,2020-03-22 00:00:00
LN000869,2023-09-11,494776.29,approved,443583.11,0,2023-09-14 00:00:00
LN000870,2023-01-31,119245.07,approved,62664.66,0,2023-02-17 00:00:00
LN000871,2022-07-23,178548.9,approved,162582.17,0,2022-08-21 00:00:00
LN000872,2019-02-02,70446.82,in_progress,54584.34,0,2019-02-02 00:00:00
LN000873,2019-09-30,189632.62,approved,184964.09,0,2019-10-24 00:00:00
LN000874,2020-08-08,385819.67,approved,215378.51,0,2020-09-03 00:00:00
LN000875,2020-11-21,184055.51,approved,107571.62,0,2020-11-26 00:00:00
LN000876,2015-03-17,106487.61,in_progress,55292.62,0,2015-03-23 00:00:00
LN000877,2019-12-21,213837.61,approved,123146.57,0,2020-01-18 00:00:00
LN000878,2024-01-02,315241.16,declined,181933.98,0,2024-01-02 00:00:00
LN000879,2021-11-16,205183.27,in_progress,126454.94,0,2021-12-12 00:00:00
LN000880,2020-01-22,155053.3,approved,91200.99,0,2020-02-17 00:00:00
LN000881,2019-03-26,100119.34,declined,89963.17,0,2019-04-04 00:00:00
LN000882,2018-05-23,52014.68,in_progress,35909.21,0,2018-06-18 00:00:00
LN000883,2015-09-03,292044.04,approved,210347.43,1,2015-09-15 00:00:00
LN000884,2016-02-14,215207.16,approved,185971.04,0,2016-03-02 00:00:00
LN000885,2018-10-05,203321.14,in_progress,186837.57,0,2018-10-21 00:00:00
LN000886,2022-08-13,155212.78,in_progress,144006.0,0,2022-08-28 00:00:00
LN000887,2021-06-16,308322.1,in_progress,261213.44,0,2021-06-21 00:00:00
LN000888,2017-11-04,201204.43,approved,158404.47,0,2017-11-23 00:00:00
LN000889,2020-12-28,288139.2,in_progress,259194.06,0,2020-12-29 00:00:00
LN000890,2020-10-15,482916.16,declined,286805.89,0,2020-11-01 00:00:00
LN000891,2021-03-23,31991.37,in_progress,24847.74,0,2021-04-03 00:00:00
LN000892,2018-07-29,205595.23,approved,178604.13,0,2018-08-04 00:00:00
LN000893,2024-11-09,357931.05,declined,270693.52,0,2024-11-27 00:00:00
LN000894,2017-09-16,62896.21,approved,37033.41,0,2017-10-13 00:00:00
LN000895,2018-09-19,233682.5,approved,121745.09,0,2018-09-20 00:00:00
LN000896,2015-02-14,369368.01,declined,349036.67,0,2015-03-11 00:00:00
LN000897,2018-05-26,386787.07,in_progress,358490.19,0,2018-05-26 00:00:00
LN000898,2015-04-07,56307.14,approved,44097.17,0,2015-04-09 00:00:00
LN000899,2020-11-01,68381.37,approved,44715.35,0,2020-11-08 00:00:00
LN000900,2021-04-17,196848.16,approved,116500.86,0,2021-04-29 00:00:00
LN000901,2024-07-16,235395.25,declined,121697.51,0,2024-08-10 00:00:00
LN000902,2015-11-08,367989.77,in_progress,348791.31,0,2015-11-16 00:00:00
LN000903,2019-08-16,201963.13,approved,130311.53,0,2019-09-02 00:00:00
LN000904,2016-07-03,264160.32,declined,205609.94,0,2016-07-12 00:00:00
LN000905,2018-08-16,41996.6,approved,23447.12,0,2018-09-02 00:00:00
LN000906,2023-11-03,321049.19,approved,260161.16,0,2023-11-30 00:00:00
LN000907,2023-08-10,104297.87,approved,90639.52,0,2023-08-10 00:00:00
LN000908,2015-09-04,167757.6,approved,152712.09,0,2015-09-21 00:00:00
LN000909,2024-05-24,50791.94,approved,31947.4,0,2024-06-15 00:00:00
LN000910,2020-01-23,171633.09,approved,104993.51,0,2020-01-29 00:00:00
LN000911,2022-12-02,469214.61,approved,382610.38,0,2022-12-02 00:00:00
LN000912,2015-11-24,327486.94,in_progress,279460.34,0,2015-12-10 00:00:00
LN000913,2020-09-06,65568.47,approved,42463.67,0,2020-09-13 00:00:00
LN000914,2023-11-20,430304.63,approved,244374.67,0,2023-12-06 00:00:00
LN000915,2023-07-25,291434.39,approved,196283.11,0,2023-08-22 00:00:00
LN000916,2017-02-24,135369.62,approved,95070.63,0,2017-03-17 00:00:00
LN000917,2019-12-25,109567.46,approved,87508.57,0,2020-01-01 00:00:00
LN000918,2015-08-06,252608.43,declined,183155.33,0,2015-08-07 00:00:00
LN000919,2022-10-18,291114.74,in_progress,286126.56,0,2022-11-03 00:00:00
LN000920,2023-07-17,280488.98,approved,232039.91,0,2023-08-01 00:00:00
LN000921,2021-03-05,499555.79,declined,381735.77,0,2021-03-18 00:00:00
LN000922,2023-10-27,393516.4,in_progress,253525.87,0,2023-11-18 00:00:00
LN000923,2017-09-28,467475.75,declined,323720.59,0,2017-10-27 00:00:00
LN000924,2015-09-03,106407.94,approved,83823.69,0,2015-09-19 00:00:00
LN000925,2019-10-05,171299.79,in_progress,114827.4,0,2019-10-18 00:00:00
LN000926,2018-12-21,42958.22,approved,36070.09,0,2019-01-08 00:00:00
LN000927,2021-11-12,430043.43,approved,284148.57,0,2021-11-19 00:00:00
LN000928,2021-03-12,26930.41,approved,25625.05,0,2021-03-29 00:00:00
LN000929,2024-11-11,415093.75,approved,377745.14,0,2024-12-05 00:00:00
LN000930,2019-09-02,191610.01,approved,143874.82,0,2019-09-17 00:00:00
LN000931,2018-04-30,224126.07,approved,188756.16,0,2018-05-17 00:00:00
LN000932,2023-05-01,92882.28,approved,57312.9,0,2023-05-21 00:00:00
LN000933,2015-01-08,233162.3,approved,175118.11,0,2015-01-12 00:00:00
LN000934,2018-10-23,256018.51,in_progress,190726.27,0,2018-11-12 00:00:00
LN000935,2022-03-26,473363.07,approved,252425.87,0,2022-04-05 00:00:00
LN000936,2015-04-24,13784.74,approved,10133.47,0,2015-05-17 00:00:00
LN000937,2018-11-17,131709.86,approved,78838.56,0,2018-11-24 00:00:00
LN000938,2021-06-27,299504.38,in_progress,239594.63,0,2021-06-30 00:00:00
LN000939,2016-02-19,124147.41,approved,108643.63,0,2016-03-15 00:00:00
LN000940,2016-06-25,365816.52,approved,253629.7,0,2016-07-17 00:00:00
LN000941,2016-10-23,348223.3,approved,254900.29,0,2016-10-29 00:00:00
LN000942,2018-05-14,299553.72,in_progress,226579.02,0,2018-06-01 00:00:00
LN000943,2022-03-18,431563.07,approved,329162.45,0,2022-04-06 00:00:00
LN000944,2015-04-12,286593.01,in_progress,265082.78,0,2015-04-22 00:00:00
LN000945,2024-05-06,71542.68,approved,43975.2,0,2024-05-10 00:00:00
LN000946,2022-11-01,350237.72,approved,318535.92,0,2022-11-12 00:00:00
LN000947,2015-05-20,286207.43,declined,245968.21,0,2015-06-05 00:00:00
LN000948,2015-02-26,354933.22,in_progress,230804.16,0,2015-03-13 00:00:00
LN000949,2018-10-24,445807.81,approved,386423.51,0,2018-11-13 00:00:00
LN000950,2023-08-24,353053.53,approved,254553.84,0,2023-09-22 00:00:00
LN000951,2016-09-20,139351.21,approved,91706.6,0,2016-10-04 00:00:00
LN000952,2023-03-21,19777.5,approved,16111.29,0,2023-03-31 00:00:00
LN000953,2024-04-16,156431.97,approved,126517.05,0,2024-04-20 00:00:00
LN000954,2023-11-30,69895.07,approved,56951.68,0,2023-12-25 00:00:00
LN000955,2017-10-13,417461.76,approved,241267.48,0,2017-10-25 00:00:00
LN000956,2017-02-06,443464.1,approved,277482.0,0,2017-02-25 00:00:00
LN000957,2023-10-19,99496.99,approved,84972.21,0,2023-11-05 00:00:00
LN000958,2020-03-15,52834.27,approved,42224.97,0,2020-04-07 00:00:00
LN000959,2023-01-15,195417.42,in_progress,130866.38,0,2023-01-15 00:00:00
LN000960,2021-11-29,28919.28,approved,26864.82,0,2021-11-29 00:00:00
LN000961,2023-11-03,245355.83,approved,238331.06,0,2023-11-17 00:00:00
LN000962,2020-12-01,140335.75,approved,78304.12,1,2020-12-07 00:00:00
LN000963,2020-05-01,270263.56,approved,152741.55,0,2020-05-16 00:00:00
LN000964,2015-02-17,393277.52,in_progress,210308.89,0,2015-03-02 00:00:00
LN000965,2018-10-02,37399.14,approved,36116.97,0,2018-10-26 00:00:00
LN000966,2021-03-28,418961.23,approved,229211.23,0,2021-03-29 00:00:00
LN000967,2015-11-04,169909.31,approved,152794.95,0,2015-11-20 00:00:00
LN000968,2021-03-12,371663.81,approved,267941.69,0,2021-03-29 00:00:00
LN000969,2017-10-20,257936.51,approved,239960.49,0,2017-11-04 00:00:00
LN000970,2017-08-14,458150.63,in_progress,405493.04,0,2017-09-04 00:00:00
LN000971,2019-05-29,214705.67,approved,131680.87,0,2019-06-07 00:00:00
LN000972,2020-01-09,126465.99,approved,89865.76,0,2020-02-05 00:00:00
LN000973,2016-04-29,284756.68,approved,222688.6,0,2016-04-29 00:00:00
LN000974,2019-10-08,72694.36,approved,40929.22,0,2019-11-04 00:00:00
LN000975,2019-04-21,43194.4,approved,30839.96,0,2019-05-05 00:00:00
LN000976,2015-05-03,361432.59,approved,229301.07,0,2015-05-09 00:00:00
LN000977,2021-02-22,209208.44,approved,183941.82,0,2021-03-09 00:00:00
LN000978,2020-11-30,30828.13,approved,18511.47,0,2020-12-03 00:00:00
LN000979,2024-10-23,36168.63,approved,23680.72,0,2024-11-01 00:00:00
LN000980,2024-10-16,327329.54,in_progress,240145.53,0,2024-11-12 00:00:00
LN000981,2021-07-18,141798.43,approved,128068.06,0,2021-08-13 00:00:00
LN000982,2021-06-23,172591.68,in_progress,89715.76,0,2021-07-19 00:00:00
LN000983,2017-05-25,391583.44,approved,348362.36,0,2017-06-02 00:00:00
LN000984,2015-03-23,155243.66,approved,89522.36,0,2015-04-11 00:00:00
LN000985,2018-01-14,384532.17,approved,203608.13,0,2018-02-08 00:00:00
LN000986,2019-12-12,71920.56,approved,36922.63,0,2020-01-10 00:00:00
LN000987,2022-11-25,306361.19,approved,224372.49,0,2022-12-04 00:00:00
LN000988,2023-05-01,129876.48,declined,68838.14,0,2023-05-23 00:00:00
LN000989,2016-12-01,35626.92,approved,26233.59,0,2016-12-19 00:00:00
LN000990,2015-11-13,232831.09,approved,167242.25,0,2015-11-28 00:00:00
LN000991,2018-01-14,244703.62,declined,237839.55,0,2018-01-14 00:00:00
LN000992,2021-11-03,131812.27,in_progress,79346.14,0,2021-11-10 00:00:00
LN000993,2015-07-29,212517.67,approved,197071.63,0,2015-08-10 00:00:00
LN000994,2018-03-04,359324.92,approved,358962.36,0,2018-03-19 00:00:00
LN000995,2024-03-26,172603.4,approved,93748.96,0,2024-03-29 00:00:00
LN000996,2020-12-03,468327.92,approved,288151.67,0,2020-12-11 00:00:00
LN000997,2017-06-15,426942.08,approved,268018.99,0,2017-07-06 00:00:00
LN000998,2020-04-04,42498.89,approved,35316.48,0,2020-04-14 00:00:00
LN000999,2023-12-12,90136.16,approved,81058.63,0,2023-12-23 00:00:00
LN001000,2021-06-06,94254.26,in_progress,67557.29,0,2021-07-01 00:00:00
